patient_biospecimen	biosample_accession	local_fastq_r1	local_fastq_r2
M229-DMSO2D	SAMN03290952	/media/hugolab/DataRAID1/projects/samples/PRJNA273359/SRR1768954_1.fastq.gz;/media/hugolab/DataRAID1/projects/samples/PRJNA273359/SRR1768955_1.fastq.gz;/media/hugolab/DataRAID1/projects/samples/PRJNA273359/SRR1768956_1.fastq.gz;/media/hugolab/DataRAID1/projects/samples/PRJNA273359/SRR1768957_1.fastq.gz;/media/hugolab/DataRAID1/projects/samples/PRJNA273359/SRR1768958_1.fastq.gz;/media/hugolab/DataRAID1/projects/samples/PRJNA273359/SRR1768959_1.fastq.gz;/media/hugolab/DataRAID1/projects/samples/PRJNA273359/SRR1768960_1.fastq.gz;/media/hugolab/DataRAID1/projects/samples/PRJNA273359/SRR1768961_1.fastq.gz	/media/hugolab/DataRAID1/projects/samples/PRJNA273359/SRR1768954_2.fastq.gz;/media/hugolab/DataRAID1/projects/samples/PRJNA273359/SRR1768955_2.fastq.gz;/media/hugolab/DataRAID1/projects/samples/PRJNA273359/SRR1768956_2.fastq.gz;/media/hugolab/DataRAID1/projects/samples/PRJNA273359/SRR1768957_2.fastq.gz;/media/hugolab/DataRAID1/projects/samples/PRJNA273359/SRR1768958_2.fastq.gz;/media/hugolab/DataRAID1/projects/samples/PRJNA273359/SRR1768959_2.fastq.gz;/media/hugolab/DataRAID1/projects/samples/PRJNA273359/SRR1768960_2.fastq.gz;/media/hugolab/DataRAID1/projects/samples/PRJNA273359/SRR1768961_2.fastq.gz
M229DDRpoly-PLXAZD	SAMN03290944	/media/hugolab/DataRAID1/projects/samples/PRJNA273359/SRR1768970_1.fastq.gz;/media/hugolab/DataRAID1/projects/samples/PRJNA273359/SRR1768971_1.fastq.gz	/media/hugolab/DataRAID1/projects/samples/PRJNA273359/SRR1768970_2.fastq.gz;/media/hugolab/DataRAID1/projects/samples/PRJNA273359/SRR1768971_2.fastq.gz
M229R5-PLX	SAMN03290954	/media/hugolab/DataRAID1/projects/samples/PRJNA273359/SRR1768962_1.fastq.gz;/media/hugolab/DataRAID1/projects/samples/PRJNA273359/SRR1768963_1.fastq.gz;/media/hugolab/DataRAID1/projects/samples/PRJNA273359/SRR1768964_1.fastq.gz;/media/hugolab/DataRAID1/projects/samples/PRJNA273359/SRR1768965_1.fastq.gz;/media/hugolab/DataRAID1/projects/samples/PRJNA273359/SRR1768966_1.fastq.gz;/media/hugolab/DataRAID1/projects/samples/PRJNA273359/SRR1768967_1.fastq.gz;/media/hugolab/DataRAID1/projects/samples/PRJNA273359/SRR1768968_1.fastq.gz;/media/hugolab/DataRAID1/projects/samples/PRJNA273359/SRR1768969_1.fastq.gz	/media/hugolab/DataRAID1/projects/samples/PRJNA273359/SRR1768962_2.fastq.gz;/media/hugolab/DataRAID1/projects/samples/PRJNA273359/SRR1768963_2.fastq.gz;/media/hugolab/DataRAID1/projects/samples/PRJNA273359/SRR1768964_2.fastq.gz;/media/hugolab/DataRAID1/projects/samples/PRJNA273359/SRR1768965_2.fastq.gz;/media/hugolab/DataRAID1/projects/samples/PRJNA273359/SRR1768966_2.fastq.gz;/media/hugolab/DataRAID1/projects/samples/PRJNA273359/SRR1768967_2.fastq.gz;/media/hugolab/DataRAID1/projects/samples/PRJNA273359/SRR1768968_2.fastq.gz;/media/hugolab/DataRAID1/projects/samples/PRJNA273359/SRR1768969_2.fastq.gz
M238-DMSO2D	SAMN03290951	/media/hugolab/DataRAID1/projects/samples/PRJNA273359/SRR1768972_1.fastq.gz;/media/hugolab/DataRAID1/projects/samples/PRJNA273359/SRR1768973_1.fastq.gz;/media/hugolab/DataRAID1/projects/samples/PRJNA273359/SRR1768974_1.fastq.gz;/media/hugolab/DataRAID1/projects/samples/PRJNA273359/SRR1768975_1.fastq.gz;/media/hugolab/DataRAID1/projects/samples/PRJNA273359/SRR1768976_1.fastq.gz;/media/hugolab/DataRAID1/projects/samples/PRJNA273359/SRR1768977_1.fastq.gz	/media/hugolab/DataRAID1/projects/samples/PRJNA273359/SRR1768972_2.fastq.gz;/media/hugolab/DataRAID1/projects/samples/PRJNA273359/SRR1768973_2.fastq.gz;/media/hugolab/DataRAID1/projects/samples/PRJNA273359/SRR1768974_2.fastq.gz;/media/hugolab/DataRAID1/projects/samples/PRJNA273359/SRR1768975_2.fastq.gz;/media/hugolab/DataRAID1/projects/samples/PRJNA273359/SRR1768976_2.fastq.gz;/media/hugolab/DataRAID1/projects/samples/PRJNA273359/SRR1768977_2.fastq.gz
M238R1-PLX	SAMN03290932	/media/hugolab/DataRAID1/projects/samples/PRJNA273359/SRR1768978_1.fastq.gz;/media/hugolab/DataRAID1/projects/samples/PRJNA273359/SRR1768979_1.fastq.gz;/media/hugolab/DataRAID1/projects/samples/PRJNA273359/SRR1768980_1.fastq.gz;/media/hugolab/DataRAID1/projects/samples/PRJNA273359/SRR1768981_1.fastq.gz;/media/hugolab/DataRAID1/projects/samples/PRJNA273359/SRR1768982_1.fastq.gz;/media/hugolab/DataRAID1/projects/samples/PRJNA273359/SRR1768983_1.fastq.gz	/media/hugolab/DataRAID1/projects/samples/PRJNA273359/SRR1768978_2.fastq.gz;/media/hugolab/DataRAID1/projects/samples/PRJNA273359/SRR1768979_2.fastq.gz;/media/hugolab/DataRAID1/projects/samples/PRJNA273359/SRR1768980_2.fastq.gz;/media/hugolab/DataRAID1/projects/samples/PRJNA273359/SRR1768981_2.fastq.gz;/media/hugolab/DataRAID1/projects/samples/PRJNA273359/SRR1768982_2.fastq.gz;/media/hugolab/DataRAID1/projects/samples/PRJNA273359/SRR1768983_2.fastq.gz
Pt1-baseline	SAMN03290916	/media/hugolab/DataRAID1/projects/samples/PRJNA273359/SRR1768821_1.fastq.gz;/media/hugolab/DataRAID1/projects/samples/PRJNA273359/SRR1768822_1.fastq.gz	/media/hugolab/DataRAID1/projects/samples/PRJNA273359/SRR1768821_2.fastq.gz;/media/hugolab/DataRAID1/projects/samples/PRJNA273359/SRR1768822_2.fastq.gz
Pt1-DP1	SAMN03290898	/media/hugolab/DataRAID1/projects/samples/PRJNA273359/SRR1768823_1.fastq.gz;/media/hugolab/DataRAID1/projects/samples/PRJNA273359/SRR1768824_1.fastq.gz	/media/hugolab/DataRAID1/projects/samples/PRJNA273359/SRR1768823_2.fastq.gz;/media/hugolab/DataRAID1/projects/samples/PRJNA273359/SRR1768824_2.fastq.gz
Pt10-baseline	SAMN03290893	/media/hugolab/DataRAID1/projects/samples/PRJNA273359/SRR1768875_1.fastq.gz;/media/hugolab/DataRAID1/projects/samples/PRJNA273359/SRR1768876_1.fastq.gz	/media/hugolab/DataRAID1/projects/samples/PRJNA273359/SRR1768875_2.fastq.gz;/media/hugolab/DataRAID1/projects/samples/PRJNA273359/SRR1768876_2.fastq.gz
Pt10-DP1	SAMN03290907	/media/hugolab/DataRAID1/projects/samples/PRJNA273359/SRR1768877_1.fastq.gz;/media/hugolab/DataRAID1/projects/samples/PRJNA273359/SRR1768878_1.fastq.gz	/media/hugolab/DataRAID1/projects/samples/PRJNA273359/SRR1768877_2.fastq.gz;/media/hugolab/DataRAID1/projects/samples/PRJNA273359/SRR1768878_2.fastq.gz
Pt10-DP2	SAMN03290892	/media/hugolab/DataRAID1/projects/samples/PRJNA273359/SRR1768879_1.fastq.gz;/media/hugolab/DataRAID1/projects/samples/PRJNA273359/SRR1768880_1.fastq.gz	/media/hugolab/DataRAID1/projects/samples/PRJNA273359/SRR1768879_2.fastq.gz;/media/hugolab/DataRAID1/projects/samples/PRJNA273359/SRR1768880_2.fastq.gz
Pt10-DP3	SAMN03290905	/media/hugolab/DataRAID1/projects/samples/PRJNA273359/SRR1768881_1.fastq.gz;/media/hugolab/DataRAID1/projects/samples/PRJNA273359/SRR1768882_1.fastq.gz	/media/hugolab/DataRAID1/projects/samples/PRJNA273359/SRR1768881_2.fastq.gz;/media/hugolab/DataRAID1/projects/samples/PRJNA273359/SRR1768882_2.fastq.gz
Pt10-DP4	SAMN03290901	/media/hugolab/DataRAID1/projects/samples/PRJNA273359/SRR1768883_1.fastq.gz;/media/hugolab/DataRAID1/projects/samples/PRJNA273359/SRR1768884_1.fastq.gz	/media/hugolab/DataRAID1/projects/samples/PRJNA273359/SRR1768883_2.fastq.gz;/media/hugolab/DataRAID1/projects/samples/PRJNA273359/SRR1768884_2.fastq.gz
Pt10-DP5	SAMN03290902	/media/hugolab/DataRAID1/projects/samples/PRJNA273359/SRR1768885_1.fastq.gz;/media/hugolab/DataRAID1/projects/samples/PRJNA273359/SRR1768886_1.fastq.gz	/media/hugolab/DataRAID1/projects/samples/PRJNA273359/SRR1768885_2.fastq.gz;/media/hugolab/DataRAID1/projects/samples/PRJNA273359/SRR1768886_2.fastq.gz
Pt10-DP6	SAMN03290919	/media/hugolab/DataRAID1/projects/samples/PRJNA273359/SRR1768887_1.fastq.gz;/media/hugolab/DataRAID1/projects/samples/PRJNA273359/SRR1768888_1.fastq.gz	/media/hugolab/DataRAID1/projects/samples/PRJNA273359/SRR1768887_2.fastq.gz;/media/hugolab/DataRAID1/projects/samples/PRJNA273359/SRR1768888_2.fastq.gz
Pt10-DP7	SAMN03290904	/media/hugolab/DataRAID1/projects/samples/PRJNA273359/SRR1768889_1.fastq.gz;/media/hugolab/DataRAID1/projects/samples/PRJNA273359/SRR1768890_1.fastq.gz	/media/hugolab/DataRAID1/projects/samples/PRJNA273359/SRR1768889_2.fastq.gz;/media/hugolab/DataRAID1/projects/samples/PRJNA273359/SRR1768890_2.fastq.gz
Pt10-DP8	SAMN03290897	/media/hugolab/DataRAID1/projects/samples/PRJNA273359/SRR1768891_1.fastq.gz;/media/hugolab/DataRAID1/projects/samples/PRJNA273359/SRR1768892_1.fastq.gz	/media/hugolab/DataRAID1/projects/samples/PRJNA273359/SRR1768891_2.fastq.gz;/media/hugolab/DataRAID1/projects/samples/PRJNA273359/SRR1768892_2.fastq.gz
Pt10-DP9	SAMN03290887	/media/hugolab/DataRAID1/projects/samples/PRJNA273359/SRR1768893_1.fastq.gz;/media/hugolab/DataRAID1/projects/samples/PRJNA273359/SRR1768894_1.fastq.gz	/media/hugolab/DataRAID1/projects/samples/PRJNA273359/SRR1768893_2.fastq.gz;/media/hugolab/DataRAID1/projects/samples/PRJNA273359/SRR1768894_2.fastq.gz
Pt15-baseline	SAMN03290914	/media/hugolab/DataRAID1/projects/samples/PRJNA273359/SRR1768895_1.fastq.gz;/media/hugolab/DataRAID1/projects/samples/PRJNA273359/SRR1768896_1.fastq.gz	/media/hugolab/DataRAID1/projects/samples/PRJNA273359/SRR1768895_2.fastq.gz;/media/hugolab/DataRAID1/projects/samples/PRJNA273359/SRR1768896_2.fastq.gz
Pt15-DP1	SAMN03290917	/media/hugolab/DataRAID1/projects/samples/PRJNA273359/SRR1768897_1.fastq.gz;/media/hugolab/DataRAID1/projects/samples/PRJNA273359/SRR1768898_1.fastq.gz	/media/hugolab/DataRAID1/projects/samples/PRJNA273359/SRR1768897_2.fastq.gz;/media/hugolab/DataRAID1/projects/samples/PRJNA273359/SRR1768898_2.fastq.gz
Pt15-DP2	SAMN03290886	/media/hugolab/DataRAID1/projects/samples/PRJNA273359/SRR1768899_1.fastq.gz;/media/hugolab/DataRAID1/projects/samples/PRJNA273359/SRR1768900_1.fastq.gz	/media/hugolab/DataRAID1/projects/samples/PRJNA273359/SRR1768899_2.fastq.gz;/media/hugolab/DataRAID1/projects/samples/PRJNA273359/SRR1768900_2.fastq.gz
Pt16-baseline	SAMN03290924	/media/hugolab/DataRAID1/projects/samples/PRJNA273359/SRR1768901_1.fastq.gz;/media/hugolab/DataRAID1/projects/samples/PRJNA273359/SRR1768902_1.fastq.gz;/media/hugolab/DataRAID1/projects/samples/PRJNA273359/SRR1768903_1.fastq.gz	/media/hugolab/DataRAID1/projects/samples/PRJNA273359/SRR1768901_2.fastq.gz;/media/hugolab/DataRAID1/projects/samples/PRJNA273359/SRR1768902_2.fastq.gz;/media/hugolab/DataRAID1/projects/samples/PRJNA273359/SRR1768903_2.fastq.gz
Pt16-DP1	SAMN03290939	/media/hugolab/DataRAID1/projects/samples/PRJNA273359/SRR1768904_1.fastq.gz;/media/hugolab/DataRAID1/projects/samples/PRJNA273359/SRR1768905_1.fastq.gz;/media/hugolab/DataRAID1/projects/samples/PRJNA273359/SRR1768906_1.fastq.gz	/media/hugolab/DataRAID1/projects/samples/PRJNA273359/SRR1768904_2.fastq.gz;/media/hugolab/DataRAID1/projects/samples/PRJNA273359/SRR1768905_2.fastq.gz;/media/hugolab/DataRAID1/projects/samples/PRJNA273359/SRR1768906_2.fastq.gz
Pt17-baseline	SAMN03290949	/media/hugolab/DataRAID1/projects/samples/PRJNA273359/SRR1768907_1.fastq.gz;/media/hugolab/DataRAID1/projects/samples/PRJNA273359/SRR1768908_1.fastq.gz;/media/hugolab/DataRAID1/projects/samples/PRJNA273359/SRR1768909_1.fastq.gz	/media/hugolab/DataRAID1/projects/samples/PRJNA273359/SRR1768907_2.fastq.gz;/media/hugolab/DataRAID1/projects/samples/PRJNA273359/SRR1768908_2.fastq.gz;/media/hugolab/DataRAID1/projects/samples/PRJNA273359/SRR1768909_2.fastq.gz
Pt17-DP1	SAMN03290947	/media/hugolab/DataRAID1/projects/samples/PRJNA273359/SRR1768910_1.fastq.gz;/media/hugolab/DataRAID1/projects/samples/PRJNA273359/SRR1768911_1.fastq.gz;/media/hugolab/DataRAID1/projects/samples/PRJNA273359/SRR1768912_1.fastq.gz	/media/hugolab/DataRAID1/projects/samples/PRJNA273359/SRR1768910_2.fastq.gz;/media/hugolab/DataRAID1/projects/samples/PRJNA273359/SRR1768911_2.fastq.gz;/media/hugolab/DataRAID1/projects/samples/PRJNA273359/SRR1768912_2.fastq.gz
Pt17-DP2	SAMN03290930	/media/hugolab/DataRAID1/projects/samples/PRJNA273359/SRR1768913_1.fastq.gz;/media/hugolab/DataRAID1/projects/samples/PRJNA273359/SRR1768914_1.fastq.gz;/media/hugolab/DataRAID1/projects/samples/PRJNA273359/SRR1768915_1.fastq.gz	/media/hugolab/DataRAID1/projects/samples/PRJNA273359/SRR1768913_2.fastq.gz;/media/hugolab/DataRAID1/projects/samples/PRJNA273359/SRR1768914_2.fastq.gz;/media/hugolab/DataRAID1/projects/samples/PRJNA273359/SRR1768915_2.fastq.gz
Pt18-baseline	SAMN03290943	/media/hugolab/DataRAID1/projects/samples/PRJNA273359/SRR1768916_1.fastq.gz	/media/hugolab/DataRAID1/projects/samples/PRJNA273359/SRR1768916_2.fastq.gz
Pt18-DDP1	SAMN03290928	/media/hugolab/DataRAID1/projects/samples/PRJNA273359/SRR1768917_1.fastq.gz	/media/hugolab/DataRAID1/projects/samples/PRJNA273359/SRR1768917_2.fastq.gz
Pt19-baseline	SAMN03290950	/media/hugolab/DataRAID1/projects/samples/PRJNA273359/SRR1768918_1.fastq.gz;/media/hugolab/DataRAID1/projects/samples/PRJNA273359/SRR1768919_1.fastq.gz	/media/hugolab/DataRAID1/projects/samples/PRJNA273359/SRR1768918_2.fastq.gz;/media/hugolab/DataRAID1/projects/samples/PRJNA273359/SRR1768919_2.fastq.gz
Pt19-DDP1	SAMN03290937	/media/hugolab/DataRAID1/projects/samples/PRJNA273359/SRR1768920_1.fastq.gz;/media/hugolab/DataRAID1/projects/samples/PRJNA273359/SRR1768921_1.fastq.gz	/media/hugolab/DataRAID1/projects/samples/PRJNA273359/SRR1768920_2.fastq.gz;/media/hugolab/DataRAID1/projects/samples/PRJNA273359/SRR1768921_2.fastq.gz
Pt19-DDP2	SAMN03290935	/media/hugolab/DataRAID1/projects/samples/PRJNA273359/SRR1768922_1.fastq.gz;/media/hugolab/DataRAID1/projects/samples/PRJNA273359/SRR1768923_1.fastq.gz	/media/hugolab/DataRAID1/projects/samples/PRJNA273359/SRR1768922_2.fastq.gz;/media/hugolab/DataRAID1/projects/samples/PRJNA273359/SRR1768923_2.fastq.gz
Pt2-baseline	SAMN03290899	/media/hugolab/DataRAID1/projects/samples/PRJNA273359/SRR1768825_1.fastq.gz;/media/hugolab/DataRAID1/projects/samples/PRJNA273359/SRR1768826_1.fastq.gz	/media/hugolab/DataRAID1/projects/samples/PRJNA273359/SRR1768825_2.fastq.gz;/media/hugolab/DataRAID1/projects/samples/PRJNA273359/SRR1768826_2.fastq.gz
Pt2-DP1	SAMN03290913	/media/hugolab/DataRAID1/projects/samples/PRJNA273359/SRR1768827_1.fastq.gz;/media/hugolab/DataRAID1/projects/samples/PRJNA273359/SRR1768828_1.fastq.gz	/media/hugolab/DataRAID1/projects/samples/PRJNA273359/SRR1768827_2.fastq.gz;/media/hugolab/DataRAID1/projects/samples/PRJNA273359/SRR1768828_2.fastq.gz
Pt2-DP2	SAMN03290889	/media/hugolab/DataRAID1/projects/samples/PRJNA273359/SRR1768829_1.fastq.gz;/media/hugolab/DataRAID1/projects/samples/PRJNA273359/SRR1768830_1.fastq.gz	/media/hugolab/DataRAID1/projects/samples/PRJNA273359/SRR1768829_2.fastq.gz;/media/hugolab/DataRAID1/projects/samples/PRJNA273359/SRR1768830_2.fastq.gz
Pt20-baseline	SAMN03290942	/media/hugolab/DataRAID1/projects/samples/PRJNA273359/SRR1768924_1.fastq.gz;/media/hugolab/DataRAID1/projects/samples/PRJNA273359/SRR1768925_1.fastq.gz	/media/hugolab/DataRAID1/projects/samples/PRJNA273359/SRR1768924_2.fastq.gz;/media/hugolab/DataRAID1/projects/samples/PRJNA273359/SRR1768925_2.fastq.gz
Pt20-DDP1	SAMN03290934	/media/hugolab/DataRAID1/projects/samples/PRJNA273359/SRR1768926_1.fastq.gz;/media/hugolab/DataRAID1/projects/samples/PRJNA273359/SRR1768927_1.fastq.gz	/media/hugolab/DataRAID1/projects/samples/PRJNA273359/SRR1768926_2.fastq.gz;/media/hugolab/DataRAID1/projects/samples/PRJNA273359/SRR1768927_2.fastq.gz
Pt20-DP1	SAMN03290946	/media/hugolab/DataRAID1/projects/samples/PRJNA273359/SRR1768928_1.fastq.gz;/media/hugolab/DataRAID1/projects/samples/PRJNA273359/SRR1768929_1.fastq.gz	/media/hugolab/DataRAID1/projects/samples/PRJNA273359/SRR1768928_2.fastq.gz;/media/hugolab/DataRAID1/projects/samples/PRJNA273359/SRR1768929_2.fastq.gz
Pt21-DDP1	SAMN03290940	/media/hugolab/DataRAID1/projects/samples/PRJNA273359/SRR1768930_1.fastq.gz;/media/hugolab/DataRAID1/projects/samples/PRJNA273359/SRR1768931_1.fastq.gz;/media/hugolab/DataRAID1/projects/samples/PRJNA273359/SRR1768932_1.fastq.gz	/media/hugolab/DataRAID1/projects/samples/PRJNA273359/SRR1768930_2.fastq.gz;/media/hugolab/DataRAID1/projects/samples/PRJNA273359/SRR1768931_2.fastq.gz;/media/hugolab/DataRAID1/projects/samples/PRJNA273359/SRR1768932_2.fastq.gz
Pt21-DDP2	SAMN03290927	/media/hugolab/DataRAID1/projects/samples/PRJNA273359/SRR1768933_1.fastq.gz;/media/hugolab/DataRAID1/projects/samples/PRJNA273359/SRR1768934_1.fastq.gz;/media/hugolab/DataRAID1/projects/samples/PRJNA273359/SRR1768935_1.fastq.gz	/media/hugolab/DataRAID1/projects/samples/PRJNA273359/SRR1768933_2.fastq.gz;/media/hugolab/DataRAID1/projects/samples/PRJNA273359/SRR1768934_2.fastq.gz;/media/hugolab/DataRAID1/projects/samples/PRJNA273359/SRR1768935_2.fastq.gz
Pt21-DP2	SAMN03290931	/media/hugolab/DataRAID1/projects/samples/PRJNA273359/SRR1768936_1.fastq.gz;/media/hugolab/DataRAID1/projects/samples/PRJNA273359/SRR1768937_1.fastq.gz;/media/hugolab/DataRAID1/projects/samples/PRJNA273359/SRR1768938_1.fastq.gz	/media/hugolab/DataRAID1/projects/samples/PRJNA273359/SRR1768936_2.fastq.gz;/media/hugolab/DataRAID1/projects/samples/PRJNA273359/SRR1768937_2.fastq.gz;/media/hugolab/DataRAID1/projects/samples/PRJNA273359/SRR1768938_2.fastq.gz
Pt22-baseline	SAMN03290923	/media/hugolab/DataRAID1/projects/samples/PRJNA273359/SRR1768939_1.fastq.gz;/media/hugolab/DataRAID1/projects/samples/PRJNA273359/SRR1768940_1.fastq.gz	/media/hugolab/DataRAID1/projects/samples/PRJNA273359/SRR1768939_2.fastq.gz;/media/hugolab/DataRAID1/projects/samples/PRJNA273359/SRR1768940_2.fastq.gz
Pt22-DDP1	SAMN03290933	/media/hugolab/DataRAID1/projects/samples/PRJNA273359/SRR1768941_1.fastq.gz;/media/hugolab/DataRAID1/projects/samples/PRJNA273359/SRR1768942_1.fastq.gz	/media/hugolab/DataRAID1/projects/samples/PRJNA273359/SRR1768941_2.fastq.gz;/media/hugolab/DataRAID1/projects/samples/PRJNA273359/SRR1768942_2.fastq.gz
Pt22-DDP2	SAMN03290953	/media/hugolab/DataRAID1/projects/samples/PRJNA273359/SRR1768943_1.fastq.gz;/media/hugolab/DataRAID1/projects/samples/PRJNA273359/SRR1768944_1.fastq.gz	/media/hugolab/DataRAID1/projects/samples/PRJNA273359/SRR1768943_2.fastq.gz;/media/hugolab/DataRAID1/projects/samples/PRJNA273359/SRR1768944_2.fastq.gz
Pt22-DDP3	SAMN03290941	/media/hugolab/DataRAID1/projects/samples/PRJNA273359/SRR1768945_1.fastq.gz;/media/hugolab/DataRAID1/projects/samples/PRJNA273359/SRR1768946_1.fastq.gz	/media/hugolab/DataRAID1/projects/samples/PRJNA273359/SRR1768945_2.fastq.gz;/media/hugolab/DataRAID1/projects/samples/PRJNA273359/SRR1768946_2.fastq.gz
Pt23-baseline	SAMN03290926	/media/hugolab/DataRAID1/projects/samples/PRJNA273359/SRR1768947_1.fastq.gz;/media/hugolab/DataRAID1/projects/samples/PRJNA273359/SRR1768948_1.fastq.gz	/media/hugolab/DataRAID1/projects/samples/PRJNA273359/SRR1768947_2.fastq.gz;/media/hugolab/DataRAID1/projects/samples/PRJNA273359/SRR1768948_2.fastq.gz
Pt23-DDP1	SAMN03290925	/media/hugolab/DataRAID1/projects/samples/PRJNA273359/SRR1768949_1.fastq.gz	/media/hugolab/DataRAID1/projects/samples/PRJNA273359/SRR1768949_2.fastq.gz
Pt24-baseline	SAMN03290945	/media/hugolab/DataRAID1/projects/samples/PRJNA273359/SRR1768950_1.fastq.gz;/media/hugolab/DataRAID1/projects/samples/PRJNA273359/SRR1768951_1.fastq.gz	/media/hugolab/DataRAID1/projects/samples/PRJNA273359/SRR1768950_2.fastq.gz;/media/hugolab/DataRAID1/projects/samples/PRJNA273359/SRR1768951_2.fastq.gz
Pt24-DDP1	SAMN03290938	/media/hugolab/DataRAID1/projects/samples/PRJNA273359/SRR1768952_1.fastq.gz;/media/hugolab/DataRAID1/projects/samples/PRJNA273359/SRR1768953_1.fastq.gz	/media/hugolab/DataRAID1/projects/samples/PRJNA273359/SRR1768952_2.fastq.gz;/media/hugolab/DataRAID1/projects/samples/PRJNA273359/SRR1768953_2.fastq.gz
Pt3-baseline	SAMN03290890	/media/hugolab/DataRAID1/projects/samples/PRJNA273359/SRR1768831_1.fastq.gz;/media/hugolab/DataRAID1/projects/samples/PRJNA273359/SRR1768832_1.fastq.gz	/media/hugolab/DataRAID1/projects/samples/PRJNA273359/SRR1768831_2.fastq.gz;/media/hugolab/DataRAID1/projects/samples/PRJNA273359/SRR1768832_2.fastq.gz
Pt3-DP1	SAMN03290908	/media/hugolab/DataRAID1/projects/samples/PRJNA273359/SRR1768833_1.fastq.gz;/media/hugolab/DataRAID1/projects/samples/PRJNA273359/SRR1768834_1.fastq.gz;/media/hugolab/DataRAID1/projects/samples/PRJNA273359/SRR1768835_1.fastq.gz	/media/hugolab/DataRAID1/projects/samples/PRJNA273359/SRR1768833_2.fastq.gz;/media/hugolab/DataRAID1/projects/samples/PRJNA273359/SRR1768834_2.fastq.gz;/media/hugolab/DataRAID1/projects/samples/PRJNA273359/SRR1768835_2.fastq.gz
Pt3-DP2	SAMN03290909	/media/hugolab/DataRAID1/projects/samples/PRJNA273359/SRR1768836_1.fastq.gz;/media/hugolab/DataRAID1/projects/samples/PRJNA273359/SRR1768837_1.fastq.gz	/media/hugolab/DataRAID1/projects/samples/PRJNA273359/SRR1768836_2.fastq.gz;/media/hugolab/DataRAID1/projects/samples/PRJNA273359/SRR1768837_2.fastq.gz
Pt3-DP3	SAMN03290920	/media/hugolab/DataRAID1/projects/samples/PRJNA273359/SRR1768838_1.fastq.gz;/media/hugolab/DataRAID1/projects/samples/PRJNA273359/SRR1768839_1.fastq.gz	/media/hugolab/DataRAID1/projects/samples/PRJNA273359/SRR1768838_2.fastq.gz;/media/hugolab/DataRAID1/projects/samples/PRJNA273359/SRR1768839_2.fastq.gz
Pt4-baseline	SAMN03290894	/media/hugolab/DataRAID1/projects/samples/PRJNA273359/SRR1768840_1.fastq.gz;/media/hugolab/DataRAID1/projects/samples/PRJNA273359/SRR1768841_1.fastq.gz	/media/hugolab/DataRAID1/projects/samples/PRJNA273359/SRR1768840_2.fastq.gz;/media/hugolab/DataRAID1/projects/samples/PRJNA273359/SRR1768841_2.fastq.gz
Pt4-DP1	SAMN03290911	/media/hugolab/DataRAID1/projects/samples/PRJNA273359/SRR1768842_1.fastq.gz;/media/hugolab/DataRAID1/projects/samples/PRJNA273359/SRR1768843_1.fastq.gz	/media/hugolab/DataRAID1/projects/samples/PRJNA273359/SRR1768842_2.fastq.gz;/media/hugolab/DataRAID1/projects/samples/PRJNA273359/SRR1768843_2.fastq.gz
Pt5-baseline	SAMN03290910	/media/hugolab/DataRAID1/projects/samples/PRJNA273359/SRR1768844_1.fastq.gz;/media/hugolab/DataRAID1/projects/samples/PRJNA273359/SRR1768845_1.fastq.gz	/media/hugolab/DataRAID1/projects/samples/PRJNA273359/SRR1768844_2.fastq.gz;/media/hugolab/DataRAID1/projects/samples/PRJNA273359/SRR1768845_2.fastq.gz
Pt5-DP1	SAMN03290922	/media/hugolab/DataRAID1/projects/samples/PRJNA273359/SRR1768846_1.fastq.gz;/media/hugolab/DataRAID1/projects/samples/PRJNA273359/SRR1768847_1.fastq.gz	/media/hugolab/DataRAID1/projects/samples/PRJNA273359/SRR1768846_2.fastq.gz;/media/hugolab/DataRAID1/projects/samples/PRJNA273359/SRR1768847_2.fastq.gz
Pt5-DP2	SAMN03290915	/media/hugolab/DataRAID1/projects/samples/PRJNA273359/SRR1768848_1.fastq.gz;/media/hugolab/DataRAID1/projects/samples/PRJNA273359/SRR1768849_1.fastq.gz	/media/hugolab/DataRAID1/projects/samples/PRJNA273359/SRR1768848_2.fastq.gz;/media/hugolab/DataRAID1/projects/samples/PRJNA273359/SRR1768849_2.fastq.gz
Pt5-DP3	SAMN03290888	/media/hugolab/DataRAID1/projects/samples/PRJNA273359/SRR1768850_1.fastq.gz;/media/hugolab/DataRAID1/projects/samples/PRJNA273359/SRR1768851_1.fastq.gz	/media/hugolab/DataRAID1/projects/samples/PRJNA273359/SRR1768850_2.fastq.gz;/media/hugolab/DataRAID1/projects/samples/PRJNA273359/SRR1768851_2.fastq.gz
Pt6-baseline	SAMN03290906	/media/hugolab/DataRAID1/projects/samples/PRJNA273359/SRR1768852_1.fastq.gz;/media/hugolab/DataRAID1/projects/samples/PRJNA273359/SRR1768853_1.fastq.gz;/media/hugolab/DataRAID1/projects/samples/PRJNA273359/SRR1768854_1.fastq.gz	/media/hugolab/DataRAID1/projects/samples/PRJNA273359/SRR1768852_2.fastq.gz;/media/hugolab/DataRAID1/projects/samples/PRJNA273359/SRR1768853_2.fastq.gz;/media/hugolab/DataRAID1/projects/samples/PRJNA273359/SRR1768854_2.fastq.gz
Pt6-DP1	SAMN03290921	/media/hugolab/DataRAID1/projects/samples/PRJNA273359/SRR1768855_1.fastq.gz;/media/hugolab/DataRAID1/projects/samples/PRJNA273359/SRR1768856_1.fastq.gz;/media/hugolab/DataRAID1/projects/samples/PRJNA273359/SRR1768857_1.fastq.gz	/media/hugolab/DataRAID1/projects/samples/PRJNA273359/SRR1768855_2.fastq.gz;/media/hugolab/DataRAID1/projects/samples/PRJNA273359/SRR1768856_2.fastq.gz;/media/hugolab/DataRAID1/projects/samples/PRJNA273359/SRR1768857_2.fastq.gz
Pt6-DP2	SAMN03290885	/media/hugolab/DataRAID1/projects/samples/PRJNA273359/SRR1768858_1.fastq.gz;/media/hugolab/DataRAID1/projects/samples/PRJNA273359/SRR1768859_1.fastq.gz;/media/hugolab/DataRAID1/projects/samples/PRJNA273359/SRR1768860_1.fastq.gz	/media/hugolab/DataRAID1/projects/samples/PRJNA273359/SRR1768858_2.fastq.gz;/media/hugolab/DataRAID1/projects/samples/PRJNA273359/SRR1768859_2.fastq.gz;/media/hugolab/DataRAID1/projects/samples/PRJNA273359/SRR1768860_2.fastq.gz
Pt8-baseline	SAMN03290895	/media/hugolab/DataRAID1/projects/samples/PRJNA273359/SRR1768861_1.fastq.gz;/media/hugolab/DataRAID1/projects/samples/PRJNA273359/SRR1768862_1.fastq.gz	/media/hugolab/DataRAID1/projects/samples/PRJNA273359/SRR1768861_2.fastq.gz;/media/hugolab/DataRAID1/projects/samples/PRJNA273359/SRR1768862_2.fastq.gz
Pt8-DP1	SAMN03290900	/media/hugolab/DataRAID1/projects/samples/PRJNA273359/SRR1768863_1.fastq.gz;/media/hugolab/DataRAID1/projects/samples/PRJNA273359/SRR1768864_1.fastq.gz	/media/hugolab/DataRAID1/projects/samples/PRJNA273359/SRR1768863_2.fastq.gz;/media/hugolab/DataRAID1/projects/samples/PRJNA273359/SRR1768864_2.fastq.gz
Pt8-DP2	SAMN03290903	/media/hugolab/DataRAID1/projects/samples/PRJNA273359/SRR1768865_1.fastq.gz;/media/hugolab/DataRAID1/projects/samples/PRJNA273359/SRR1768866_1.fastq.gz	/media/hugolab/DataRAID1/projects/samples/PRJNA273359/SRR1768865_2.fastq.gz;/media/hugolab/DataRAID1/projects/samples/PRJNA273359/SRR1768866_2.fastq.gz
Pt8-DP3	SAMN03290891	/media/hugolab/DataRAID1/projects/samples/PRJNA273359/SRR1768867_1.fastq.gz;/media/hugolab/DataRAID1/projects/samples/PRJNA273359/SRR1768868_1.fastq.gz	/media/hugolab/DataRAID1/projects/samples/PRJNA273359/SRR1768867_2.fastq.gz;/media/hugolab/DataRAID1/projects/samples/PRJNA273359/SRR1768868_2.fastq.gz
Pt9-baseline	SAMN03290896	/media/hugolab/DataRAID1/projects/samples/PRJNA273359/SRR1768869_1.fastq.gz;/media/hugolab/DataRAID1/projects/samples/PRJNA273359/SRR1768870_1.fastq.gz	/media/hugolab/DataRAID1/projects/samples/PRJNA273359/SRR1768869_2.fastq.gz;/media/hugolab/DataRAID1/projects/samples/PRJNA273359/SRR1768870_2.fastq.gz
Pt9-DP1	SAMN03290912	/media/hugolab/DataRAID1/projects/samples/PRJNA273359/SRR1768871_1.fastq.gz;/media/hugolab/DataRAID1/projects/samples/PRJNA273359/SRR1768872_1.fastq.gz	/media/hugolab/DataRAID1/projects/samples/PRJNA273359/SRR1768871_2.fastq.gz;/media/hugolab/DataRAID1/projects/samples/PRJNA273359/SRR1768872_2.fastq.gz
Pt9-DP2	SAMN03290918	/media/hugolab/DataRAID1/projects/samples/PRJNA273359/SRR1768873_1.fastq.gz;/media/hugolab/DataRAID1/projects/samples/PRJNA273359/SRR1768874_1.fastq.gz	/media/hugolab/DataRAID1/projects/samples/PRJNA273359/SRR1768873_2.fastq.gz;/media/hugolab/DataRAID1/projects/samples/PRJNA273359/SRR1768874_2.fastq.gz
SKMel28-DMSO	SAMN03290948	/media/hugolab/DataRAID1/projects/samples/PRJNA273359/SRR1768984_1.fastq.gz;/media/hugolab/DataRAID1/projects/samples/PRJNA273359/SRR1768985_1.fastq.gz	/media/hugolab/DataRAID1/projects/samples/PRJNA273359/SRR1768984_2.fastq.gz;/media/hugolab/DataRAID1/projects/samples/PRJNA273359/SRR1768985_2.fastq.gz
SKMel28DDR1-PLXAZD	SAMN03290929	/media/hugolab/DataRAID1/projects/samples/PRJNA273359/SRR1768988_1.fastq.gz;/media/hugolab/DataRAID1/projects/samples/PRJNA273359/SRR1768989_1.fastq.gz	/media/hugolab/DataRAID1/projects/samples/PRJNA273359/SRR1768988_2.fastq.gz;/media/hugolab/DataRAID1/projects/samples/PRJNA273359/SRR1768989_2.fastq.gz
SKMel28R1-PLX	SAMN03290936	/media/hugolab/DataRAID1/projects/samples/PRJNA273359/SRR1768986_1.fastq.gz;/media/hugolab/DataRAID1/projects/samples/PRJNA273359/SRR1768987_1.fastq.gz	/media/hugolab/DataRAID1/projects/samples/PRJNA273359/SRR1768986_2.fastq.gz;/media/hugolab/DataRAID1/projects/samples/PRJNA273359/SRR1768987_2.fastq.gz
