PRJNA_ID	run_accession	geo_accession	sample_accession	title	fastq_ftp
PRJNA273359	SRR1768821	GSM1588852	SAMN03290916	Pt1-baseline	ftp.sra.ebi.ac.uk/vol1/fastq/SRR176/001/SRR1768821/SRR1768821_1.fastq.gz;ftp.sra.ebi.ac.uk/vol1/fastq/SRR176/001/SRR1768821/SRR1768821_2.fastq.gz
PRJNA273359	SRR1768822	GSM1588852	SAMN03290916	Pt1-baseline	ftp.sra.ebi.ac.uk/vol1/fastq/SRR176/002/SRR1768822/SRR1768822_1.fastq.gz;ftp.sra.ebi.ac.uk/vol1/fastq/SRR176/002/SRR1768822/SRR1768822_2.fastq.gz
PRJNA273359	SRR1768823	GSM1588853	SAMN03290898	Pt1-DP1	ftp.sra.ebi.ac.uk/vol1/fastq/SRR176/003/SRR1768823/SRR1768823_1.fastq.gz;ftp.sra.ebi.ac.uk/vol1/fastq/SRR176/003/SRR1768823/SRR1768823_2.fastq.gz
PRJNA273359	SRR1768824	GSM1588853	SAMN03290898	Pt1-DP1	ftp.sra.ebi.ac.uk/vol1/fastq/SRR176/004/SRR1768824/SRR1768824_1.fastq.gz;ftp.sra.ebi.ac.uk/vol1/fastq/SRR176/004/SRR1768824/SRR1768824_2.fastq.gz
PRJNA273359	SRR1768825	GSM1588854	SAMN03290899	Pt2-baseline	ftp.sra.ebi.ac.uk/vol1/fastq/SRR176/005/SRR1768825/SRR1768825_1.fastq.gz;ftp.sra.ebi.ac.uk/vol1/fastq/SRR176/005/SRR1768825/SRR1768825_2.fastq.gz
PRJNA273359	SRR1768826	GSM1588854	SAMN03290899	Pt2-baseline	ftp.sra.ebi.ac.uk/vol1/fastq/SRR176/006/SRR1768826/SRR1768826_1.fastq.gz;ftp.sra.ebi.ac.uk/vol1/fastq/SRR176/006/SRR1768826/SRR1768826_2.fastq.gz
PRJNA273359	SRR1768827	GSM1588855	SAMN03290913	Pt2-DP1	ftp.sra.ebi.ac.uk/vol1/fastq/SRR176/007/SRR1768827/SRR1768827_1.fastq.gz;ftp.sra.ebi.ac.uk/vol1/fastq/SRR176/007/SRR1768827/SRR1768827_2.fastq.gz
PRJNA273359	SRR1768828	GSM1588855	SAMN03290913	Pt2-DP1	ftp.sra.ebi.ac.uk/vol1/fastq/SRR176/008/SRR1768828/SRR1768828_1.fastq.gz;ftp.sra.ebi.ac.uk/vol1/fastq/SRR176/008/SRR1768828/SRR1768828_2.fastq.gz
PRJNA273359	SRR1768829	GSM1588856	SAMN03290889	Pt2-DP2	ftp.sra.ebi.ac.uk/vol1/fastq/SRR176/009/SRR1768829/SRR1768829_1.fastq.gz;ftp.sra.ebi.ac.uk/vol1/fastq/SRR176/009/SRR1768829/SRR1768829_2.fastq.gz
PRJNA273359	SRR1768830	GSM1588856	SAMN03290889	Pt2-DP2	ftp.sra.ebi.ac.uk/vol1/fastq/SRR176/000/SRR1768830/SRR1768830_1.fastq.gz;ftp.sra.ebi.ac.uk/vol1/fastq/SRR176/000/SRR1768830/SRR1768830_2.fastq.gz
PRJNA273359	SRR1768831	GSM1588857	SAMN03290890	Pt3-baseline	ftp.sra.ebi.ac.uk/vol1/fastq/SRR176/001/SRR1768831/SRR1768831_1.fastq.gz;ftp.sra.ebi.ac.uk/vol1/fastq/SRR176/001/SRR1768831/SRR1768831_2.fastq.gz
PRJNA273359	SRR1768832	GSM1588857	SAMN03290890	Pt3-baseline	ftp.sra.ebi.ac.uk/vol1/fastq/SRR176/002/SRR1768832/SRR1768832_1.fastq.gz;ftp.sra.ebi.ac.uk/vol1/fastq/SRR176/002/SRR1768832/SRR1768832_2.fastq.gz
PRJNA273359	SRR1768833	GSM1588858	SAMN03290908	Pt3-DP1	ftp.sra.ebi.ac.uk/vol1/fastq/SRR176/003/SRR1768833/SRR1768833_1.fastq.gz;ftp.sra.ebi.ac.uk/vol1/fastq/SRR176/003/SRR1768833/SRR1768833_2.fastq.gz
PRJNA273359	SRR1768834	GSM1588858	SAMN03290908	Pt3-DP1	ftp.sra.ebi.ac.uk/vol1/fastq/SRR176/004/SRR1768834/SRR1768834_1.fastq.gz;ftp.sra.ebi.ac.uk/vol1/fastq/SRR176/004/SRR1768834/SRR1768834_2.fastq.gz
PRJNA273359	SRR1768835	GSM1588858	SAMN03290908	Pt3-DP1	ftp.sra.ebi.ac.uk/vol1/fastq/SRR176/005/SRR1768835/SRR1768835_1.fastq.gz;ftp.sra.ebi.ac.uk/vol1/fastq/SRR176/005/SRR1768835/SRR1768835_2.fastq.gz
PRJNA273359	SRR1768836	GSM1588859	SAMN03290909	Pt3-DP2	ftp.sra.ebi.ac.uk/vol1/fastq/SRR176/006/SRR1768836/SRR1768836_1.fastq.gz;ftp.sra.ebi.ac.uk/vol1/fastq/SRR176/006/SRR1768836/SRR1768836_2.fastq.gz
PRJNA273359	SRR1768837	GSM1588859	SAMN03290909	Pt3-DP2	ftp.sra.ebi.ac.uk/vol1/fastq/SRR176/007/SRR1768837/SRR1768837_1.fastq.gz;ftp.sra.ebi.ac.uk/vol1/fastq/SRR176/007/SRR1768837/SRR1768837_2.fastq.gz
PRJNA273359	SRR1768838	GSM1588860	SAMN03290920	Pt3-DP3	ftp.sra.ebi.ac.uk/vol1/fastq/SRR176/008/SRR1768838/SRR1768838_1.fastq.gz;ftp.sra.ebi.ac.uk/vol1/fastq/SRR176/008/SRR1768838/SRR1768838_2.fastq.gz
PRJNA273359	SRR1768839	GSM1588860	SAMN03290920	Pt3-DP3	ftp.sra.ebi.ac.uk/vol1/fastq/SRR176/009/SRR1768839/SRR1768839_1.fastq.gz;ftp.sra.ebi.ac.uk/vol1/fastq/SRR176/009/SRR1768839/SRR1768839_2.fastq.gz
PRJNA273359	SRR1768840	GSM1588861	SAMN03290894	Pt4-baseline	ftp.sra.ebi.ac.uk/vol1/fastq/SRR176/000/SRR1768840/SRR1768840_1.fastq.gz;ftp.sra.ebi.ac.uk/vol1/fastq/SRR176/000/SRR1768840/SRR1768840_2.fastq.gz
PRJNA273359	SRR1768841	GSM1588861	SAMN03290894	Pt4-baseline	ftp.sra.ebi.ac.uk/vol1/fastq/SRR176/001/SRR1768841/SRR1768841_1.fastq.gz;ftp.sra.ebi.ac.uk/vol1/fastq/SRR176/001/SRR1768841/SRR1768841_2.fastq.gz
PRJNA273359	SRR1768842	GSM1588862	SAMN03290911	Pt4-DP1	ftp.sra.ebi.ac.uk/vol1/fastq/SRR176/002/SRR1768842/SRR1768842_1.fastq.gz;ftp.sra.ebi.ac.uk/vol1/fastq/SRR176/002/SRR1768842/SRR1768842_2.fastq.gz
PRJNA273359	SRR1768843	GSM1588862	SAMN03290911	Pt4-DP1	ftp.sra.ebi.ac.uk/vol1/fastq/SRR176/003/SRR1768843/SRR1768843_1.fastq.gz;ftp.sra.ebi.ac.uk/vol1/fastq/SRR176/003/SRR1768843/SRR1768843_2.fastq.gz
PRJNA273359	SRR1768844	GSM1588863	SAMN03290910	Pt5-baseline	ftp.sra.ebi.ac.uk/vol1/fastq/SRR176/004/SRR1768844/SRR1768844_1.fastq.gz;ftp.sra.ebi.ac.uk/vol1/fastq/SRR176/004/SRR1768844/SRR1768844_2.fastq.gz
PRJNA273359	SRR1768845	GSM1588863	SAMN03290910	Pt5-baseline	ftp.sra.ebi.ac.uk/vol1/fastq/SRR176/005/SRR1768845/SRR1768845_1.fastq.gz;ftp.sra.ebi.ac.uk/vol1/fastq/SRR176/005/SRR1768845/SRR1768845_2.fastq.gz
PRJNA273359	SRR1768846	GSM1588864	SAMN03290922	Pt5-DP1	ftp.sra.ebi.ac.uk/vol1/fastq/SRR176/006/SRR1768846/SRR1768846_1.fastq.gz;ftp.sra.ebi.ac.uk/vol1/fastq/SRR176/006/SRR1768846/SRR1768846_2.fastq.gz
PRJNA273359	SRR1768847	GSM1588864	SAMN03290922	Pt5-DP1	ftp.sra.ebi.ac.uk/vol1/fastq/SRR176/007/SRR1768847/SRR1768847_1.fastq.gz;ftp.sra.ebi.ac.uk/vol1/fastq/SRR176/007/SRR1768847/SRR1768847_2.fastq.gz
PRJNA273359	SRR1768848	GSM1588865	SAMN03290915	Pt5-DP2	ftp.sra.ebi.ac.uk/vol1/fastq/SRR176/008/SRR1768848/SRR1768848_1.fastq.gz;ftp.sra.ebi.ac.uk/vol1/fastq/SRR176/008/SRR1768848/SRR1768848_2.fastq.gz
PRJNA273359	SRR1768849	GSM1588865	SAMN03290915	Pt5-DP2	ftp.sra.ebi.ac.uk/vol1/fastq/SRR176/009/SRR1768849/SRR1768849_1.fastq.gz;ftp.sra.ebi.ac.uk/vol1/fastq/SRR176/009/SRR1768849/SRR1768849_2.fastq.gz
PRJNA273359	SRR1768850	GSM1588866	SAMN03290888	Pt5-DP3	ftp.sra.ebi.ac.uk/vol1/fastq/SRR176/000/SRR1768850/SRR1768850_1.fastq.gz;ftp.sra.ebi.ac.uk/vol1/fastq/SRR176/000/SRR1768850/SRR1768850_2.fastq.gz
PRJNA273359	SRR1768851	GSM1588866	SAMN03290888	Pt5-DP3	ftp.sra.ebi.ac.uk/vol1/fastq/SRR176/001/SRR1768851/SRR1768851_1.fastq.gz;ftp.sra.ebi.ac.uk/vol1/fastq/SRR176/001/SRR1768851/SRR1768851_2.fastq.gz
PRJNA273359	SRR1768852	GSM1588867	SAMN03290906	Pt6-baseline	ftp.sra.ebi.ac.uk/vol1/fastq/SRR176/002/SRR1768852/SRR1768852_1.fastq.gz;ftp.sra.ebi.ac.uk/vol1/fastq/SRR176/002/SRR1768852/SRR1768852_2.fastq.gz
PRJNA273359	SRR1768853	GSM1588867	SAMN03290906	Pt6-baseline	ftp.sra.ebi.ac.uk/vol1/fastq/SRR176/003/SRR1768853/SRR1768853_1.fastq.gz;ftp.sra.ebi.ac.uk/vol1/fastq/SRR176/003/SRR1768853/SRR1768853_2.fastq.gz
PRJNA273359	SRR1768854	GSM1588867	SAMN03290906	Pt6-baseline	ftp.sra.ebi.ac.uk/vol1/fastq/SRR176/004/SRR1768854/SRR1768854_1.fastq.gz;ftp.sra.ebi.ac.uk/vol1/fastq/SRR176/004/SRR1768854/SRR1768854_2.fastq.gz
PRJNA273359	SRR1768855	GSM1588868	SAMN03290921	Pt6-DP1	ftp.sra.ebi.ac.uk/vol1/fastq/SRR176/005/SRR1768855/SRR1768855_1.fastq.gz;ftp.sra.ebi.ac.uk/vol1/fastq/SRR176/005/SRR1768855/SRR1768855_2.fastq.gz
PRJNA273359	SRR1768856	GSM1588868	SAMN03290921	Pt6-DP1	ftp.sra.ebi.ac.uk/vol1/fastq/SRR176/006/SRR1768856/SRR1768856_1.fastq.gz;ftp.sra.ebi.ac.uk/vol1/fastq/SRR176/006/SRR1768856/SRR1768856_2.fastq.gz
PRJNA273359	SRR1768857	GSM1588868	SAMN03290921	Pt6-DP1	ftp.sra.ebi.ac.uk/vol1/fastq/SRR176/007/SRR1768857/SRR1768857_1.fastq.gz;ftp.sra.ebi.ac.uk/vol1/fastq/SRR176/007/SRR1768857/SRR1768857_2.fastq.gz
PRJNA273359	SRR1768858	GSM1588869	SAMN03290885	Pt6-DP2	ftp.sra.ebi.ac.uk/vol1/fastq/SRR176/008/SRR1768858/SRR1768858_1.fastq.gz;ftp.sra.ebi.ac.uk/vol1/fastq/SRR176/008/SRR1768858/SRR1768858_2.fastq.gz
PRJNA273359	SRR1768859	GSM1588869	SAMN03290885	Pt6-DP2	ftp.sra.ebi.ac.uk/vol1/fastq/SRR176/009/SRR1768859/SRR1768859_1.fastq.gz;ftp.sra.ebi.ac.uk/vol1/fastq/SRR176/009/SRR1768859/SRR1768859_2.fastq.gz
PRJNA273359	SRR1768860	GSM1588869	SAMN03290885	Pt6-DP2	ftp.sra.ebi.ac.uk/vol1/fastq/SRR176/000/SRR1768860/SRR1768860_1.fastq.gz;ftp.sra.ebi.ac.uk/vol1/fastq/SRR176/000/SRR1768860/SRR1768860_2.fastq.gz
PRJNA273359	SRR1768861	GSM1588870	SAMN03290895	Pt8-baseline	ftp.sra.ebi.ac.uk/vol1/fastq/SRR176/001/SRR1768861/SRR1768861_1.fastq.gz;ftp.sra.ebi.ac.uk/vol1/fastq/SRR176/001/SRR1768861/SRR1768861_2.fastq.gz
PRJNA273359	SRR1768862	GSM1588870	SAMN03290895	Pt8-baseline	ftp.sra.ebi.ac.uk/vol1/fastq/SRR176/002/SRR1768862/SRR1768862_1.fastq.gz;ftp.sra.ebi.ac.uk/vol1/fastq/SRR176/002/SRR1768862/SRR1768862_2.fastq.gz
PRJNA273359	SRR1768863	GSM1588871	SAMN03290900	Pt8-DP1	ftp.sra.ebi.ac.uk/vol1/fastq/SRR176/003/SRR1768863/SRR1768863_1.fastq.gz;ftp.sra.ebi.ac.uk/vol1/fastq/SRR176/003/SRR1768863/SRR1768863_2.fastq.gz
PRJNA273359	SRR1768864	GSM1588871	SAMN03290900	Pt8-DP1	ftp.sra.ebi.ac.uk/vol1/fastq/SRR176/004/SRR1768864/SRR1768864_1.fastq.gz;ftp.sra.ebi.ac.uk/vol1/fastq/SRR176/004/SRR1768864/SRR1768864_2.fastq.gz
PRJNA273359	SRR1768865	GSM1588872	SAMN03290903	Pt8-DP2	ftp.sra.ebi.ac.uk/vol1/fastq/SRR176/005/SRR1768865/SRR1768865_1.fastq.gz;ftp.sra.ebi.ac.uk/vol1/fastq/SRR176/005/SRR1768865/SRR1768865_2.fastq.gz
PRJNA273359	SRR1768866	GSM1588872	SAMN03290903	Pt8-DP2	ftp.sra.ebi.ac.uk/vol1/fastq/SRR176/006/SRR1768866/SRR1768866_1.fastq.gz;ftp.sra.ebi.ac.uk/vol1/fastq/SRR176/006/SRR1768866/SRR1768866_2.fastq.gz
PRJNA273359	SRR1768867	GSM1588873	SAMN03290891	Pt8-DP3	ftp.sra.ebi.ac.uk/vol1/fastq/SRR176/007/SRR1768867/SRR1768867_1.fastq.gz;ftp.sra.ebi.ac.uk/vol1/fastq/SRR176/007/SRR1768867/SRR1768867_2.fastq.gz
PRJNA273359	SRR1768868	GSM1588873	SAMN03290891	Pt8-DP3	ftp.sra.ebi.ac.uk/vol1/fastq/SRR176/008/SRR1768868/SRR1768868_1.fastq.gz;ftp.sra.ebi.ac.uk/vol1/fastq/SRR176/008/SRR1768868/SRR1768868_2.fastq.gz
PRJNA273359	SRR1768869	GSM1588874	SAMN03290896	Pt9-baseline	ftp.sra.ebi.ac.uk/vol1/fastq/SRR176/009/SRR1768869/SRR1768869_1.fastq.gz;ftp.sra.ebi.ac.uk/vol1/fastq/SRR176/009/SRR1768869/SRR1768869_2.fastq.gz
PRJNA273359	SRR1768870	GSM1588874	SAMN03290896	Pt9-baseline	ftp.sra.ebi.ac.uk/vol1/fastq/SRR176/000/SRR1768870/SRR1768870_1.fastq.gz;ftp.sra.ebi.ac.uk/vol1/fastq/SRR176/000/SRR1768870/SRR1768870_2.fastq.gz
PRJNA273359	SRR1768871	GSM1588875	SAMN03290912	Pt9-DP1	ftp.sra.ebi.ac.uk/vol1/fastq/SRR176/001/SRR1768871/SRR1768871_1.fastq.gz;ftp.sra.ebi.ac.uk/vol1/fastq/SRR176/001/SRR1768871/SRR1768871_2.fastq.gz
PRJNA273359	SRR1768872	GSM1588875	SAMN03290912	Pt9-DP1	ftp.sra.ebi.ac.uk/vol1/fastq/SRR176/002/SRR1768872/SRR1768872_1.fastq.gz;ftp.sra.ebi.ac.uk/vol1/fastq/SRR176/002/SRR1768872/SRR1768872_2.fastq.gz
PRJNA273359	SRR1768873	GSM1588876	SAMN03290918	Pt9-DP2	ftp.sra.ebi.ac.uk/vol1/fastq/SRR176/003/SRR1768873/SRR1768873_1.fastq.gz;ftp.sra.ebi.ac.uk/vol1/fastq/SRR176/003/SRR1768873/SRR1768873_2.fastq.gz
PRJNA273359	SRR1768874	GSM1588876	SAMN03290918	Pt9-DP2	ftp.sra.ebi.ac.uk/vol1/fastq/SRR176/004/SRR1768874/SRR1768874_1.fastq.gz;ftp.sra.ebi.ac.uk/vol1/fastq/SRR176/004/SRR1768874/SRR1768874_2.fastq.gz
PRJNA273359	SRR1768875	GSM1588877	SAMN03290893	Pt10-baseline	ftp.sra.ebi.ac.uk/vol1/fastq/SRR176/005/SRR1768875/SRR1768875_1.fastq.gz;ftp.sra.ebi.ac.uk/vol1/fastq/SRR176/005/SRR1768875/SRR1768875_2.fastq.gz
PRJNA273359	SRR1768876	GSM1588877	SAMN03290893	Pt10-baseline	ftp.sra.ebi.ac.uk/vol1/fastq/SRR176/006/SRR1768876/SRR1768876_1.fastq.gz;ftp.sra.ebi.ac.uk/vol1/fastq/SRR176/006/SRR1768876/SRR1768876_2.fastq.gz
PRJNA273359	SRR1768877	GSM1588878	SAMN03290907	Pt10-DP1	ftp.sra.ebi.ac.uk/vol1/fastq/SRR176/007/SRR1768877/SRR1768877_1.fastq.gz;ftp.sra.ebi.ac.uk/vol1/fastq/SRR176/007/SRR1768877/SRR1768877_2.fastq.gz
PRJNA273359	SRR1768878	GSM1588878	SAMN03290907	Pt10-DP1	ftp.sra.ebi.ac.uk/vol1/fastq/SRR176/008/SRR1768878/SRR1768878_1.fastq.gz;ftp.sra.ebi.ac.uk/vol1/fastq/SRR176/008/SRR1768878/SRR1768878_2.fastq.gz
PRJNA273359	SRR1768879	GSM1588879	SAMN03290892	Pt10-DP2	ftp.sra.ebi.ac.uk/vol1/fastq/SRR176/009/SRR1768879/SRR1768879_1.fastq.gz;ftp.sra.ebi.ac.uk/vol1/fastq/SRR176/009/SRR1768879/SRR1768879_2.fastq.gz
PRJNA273359	SRR1768880	GSM1588879	SAMN03290892	Pt10-DP2	ftp.sra.ebi.ac.uk/vol1/fastq/SRR176/000/SRR1768880/SRR1768880_1.fastq.gz;ftp.sra.ebi.ac.uk/vol1/fastq/SRR176/000/SRR1768880/SRR1768880_2.fastq.gz
PRJNA273359	SRR1768881	GSM1588880	SAMN03290905	Pt10-DP3	ftp.sra.ebi.ac.uk/vol1/fastq/SRR176/001/SRR1768881/SRR1768881_1.fastq.gz;ftp.sra.ebi.ac.uk/vol1/fastq/SRR176/001/SRR1768881/SRR1768881_2.fastq.gz
PRJNA273359	SRR1768882	GSM1588880	SAMN03290905	Pt10-DP3	ftp.sra.ebi.ac.uk/vol1/fastq/SRR176/002/SRR1768882/SRR1768882_1.fastq.gz;ftp.sra.ebi.ac.uk/vol1/fastq/SRR176/002/SRR1768882/SRR1768882_2.fastq.gz
PRJNA273359	SRR1768883	GSM1588881	SAMN03290901	Pt10-DP4	ftp.sra.ebi.ac.uk/vol1/fastq/SRR176/003/SRR1768883/SRR1768883_1.fastq.gz;ftp.sra.ebi.ac.uk/vol1/fastq/SRR176/003/SRR1768883/SRR1768883_2.fastq.gz
PRJNA273359	SRR1768884	GSM1588881	SAMN03290901	Pt10-DP4	ftp.sra.ebi.ac.uk/vol1/fastq/SRR176/004/SRR1768884/SRR1768884_1.fastq.gz;ftp.sra.ebi.ac.uk/vol1/fastq/SRR176/004/SRR1768884/SRR1768884_2.fastq.gz
PRJNA273359	SRR1768885	GSM1588882	SAMN03290902	Pt10-DP5	ftp.sra.ebi.ac.uk/vol1/fastq/SRR176/005/SRR1768885/SRR1768885_1.fastq.gz;ftp.sra.ebi.ac.uk/vol1/fastq/SRR176/005/SRR1768885/SRR1768885_2.fastq.gz
PRJNA273359	SRR1768886	GSM1588882	SAMN03290902	Pt10-DP5	ftp.sra.ebi.ac.uk/vol1/fastq/SRR176/006/SRR1768886/SRR1768886_1.fastq.gz;ftp.sra.ebi.ac.uk/vol1/fastq/SRR176/006/SRR1768886/SRR1768886_2.fastq.gz
PRJNA273359	SRR1768887	GSM1588883	SAMN03290919	Pt10-DP6	ftp.sra.ebi.ac.uk/vol1/fastq/SRR176/007/SRR1768887/SRR1768887_1.fastq.gz;ftp.sra.ebi.ac.uk/vol1/fastq/SRR176/007/SRR1768887/SRR1768887_2.fastq.gz
PRJNA273359	SRR1768888	GSM1588883	SAMN03290919	Pt10-DP6	ftp.sra.ebi.ac.uk/vol1/fastq/SRR176/008/SRR1768888/SRR1768888_1.fastq.gz;ftp.sra.ebi.ac.uk/vol1/fastq/SRR176/008/SRR1768888/SRR1768888_2.fastq.gz
PRJNA273359	SRR1768889	GSM1588884	SAMN03290904	Pt10-DP7	ftp.sra.ebi.ac.uk/vol1/fastq/SRR176/009/SRR1768889/SRR1768889_1.fastq.gz;ftp.sra.ebi.ac.uk/vol1/fastq/SRR176/009/SRR1768889/SRR1768889_2.fastq.gz
PRJNA273359	SRR1768890	GSM1588884	SAMN03290904	Pt10-DP7	ftp.sra.ebi.ac.uk/vol1/fastq/SRR176/000/SRR1768890/SRR1768890_1.fastq.gz;ftp.sra.ebi.ac.uk/vol1/fastq/SRR176/000/SRR1768890/SRR1768890_2.fastq.gz
PRJNA273359	SRR1768891	GSM1588885	SAMN03290897	Pt10-DP8	ftp.sra.ebi.ac.uk/vol1/fastq/SRR176/001/SRR1768891/SRR1768891_1.fastq.gz;ftp.sra.ebi.ac.uk/vol1/fastq/SRR176/001/SRR1768891/SRR1768891_2.fastq.gz
PRJNA273359	SRR1768892	GSM1588885	SAMN03290897	Pt10-DP8	ftp.sra.ebi.ac.uk/vol1/fastq/SRR176/002/SRR1768892/SRR1768892_1.fastq.gz;ftp.sra.ebi.ac.uk/vol1/fastq/SRR176/002/SRR1768892/SRR1768892_2.fastq.gz
PRJNA273359	SRR1768893	GSM1588886	SAMN03290887	Pt10-DP9	ftp.sra.ebi.ac.uk/vol1/fastq/SRR176/003/SRR1768893/SRR1768893_1.fastq.gz;ftp.sra.ebi.ac.uk/vol1/fastq/SRR176/003/SRR1768893/SRR1768893_2.fastq.gz
PRJNA273359	SRR1768894	GSM1588886	SAMN03290887	Pt10-DP9	ftp.sra.ebi.ac.uk/vol1/fastq/SRR176/004/SRR1768894/SRR1768894_1.fastq.gz;ftp.sra.ebi.ac.uk/vol1/fastq/SRR176/004/SRR1768894/SRR1768894_2.fastq.gz
PRJNA273359	SRR1768895	GSM1588887	SAMN03290914	Pt15-baseline	ftp.sra.ebi.ac.uk/vol1/fastq/SRR176/005/SRR1768895/SRR1768895_1.fastq.gz;ftp.sra.ebi.ac.uk/vol1/fastq/SRR176/005/SRR1768895/SRR1768895_2.fastq.gz
PRJNA273359	SRR1768896	GSM1588887	SAMN03290914	Pt15-baseline	ftp.sra.ebi.ac.uk/vol1/fastq/SRR176/006/SRR1768896/SRR1768896_1.fastq.gz;ftp.sra.ebi.ac.uk/vol1/fastq/SRR176/006/SRR1768896/SRR1768896_2.fastq.gz
PRJNA273359	SRR1768897	GSM1588888	SAMN03290917	Pt15-DP1	ftp.sra.ebi.ac.uk/vol1/fastq/SRR176/007/SRR1768897/SRR1768897_1.fastq.gz;ftp.sra.ebi.ac.uk/vol1/fastq/SRR176/007/SRR1768897/SRR1768897_2.fastq.gz
PRJNA273359	SRR1768898	GSM1588888	SAMN03290917	Pt15-DP1	ftp.sra.ebi.ac.uk/vol1/fastq/SRR176/008/SRR1768898/SRR1768898_1.fastq.gz;ftp.sra.ebi.ac.uk/vol1/fastq/SRR176/008/SRR1768898/SRR1768898_2.fastq.gz
PRJNA273359	SRR1768899	GSM1588889	SAMN03290886	Pt15-DP2	ftp.sra.ebi.ac.uk/vol1/fastq/SRR176/009/SRR1768899/SRR1768899_1.fastq.gz;ftp.sra.ebi.ac.uk/vol1/fastq/SRR176/009/SRR1768899/SRR1768899_2.fastq.gz
PRJNA273359	SRR1768900	GSM1588889	SAMN03290886	Pt15-DP2	ftp.sra.ebi.ac.uk/vol1/fastq/SRR176/000/SRR1768900/SRR1768900_1.fastq.gz;ftp.sra.ebi.ac.uk/vol1/fastq/SRR176/000/SRR1768900/SRR1768900_2.fastq.gz
PRJNA273359	SRR1768901	GSM1588890	SAMN03290924	Pt16-baseline	ftp.sra.ebi.ac.uk/vol1/fastq/SRR176/001/SRR1768901/SRR1768901_1.fastq.gz;ftp.sra.ebi.ac.uk/vol1/fastq/SRR176/001/SRR1768901/SRR1768901_2.fastq.gz
PRJNA273359	SRR1768902	GSM1588890	SAMN03290924	Pt16-baseline	ftp.sra.ebi.ac.uk/vol1/fastq/SRR176/002/SRR1768902/SRR1768902_1.fastq.gz;ftp.sra.ebi.ac.uk/vol1/fastq/SRR176/002/SRR1768902/SRR1768902_2.fastq.gz
PRJNA273359	SRR1768903	GSM1588890	SAMN03290924	Pt16-baseline	ftp.sra.ebi.ac.uk/vol1/fastq/SRR176/003/SRR1768903/SRR1768903_1.fastq.gz;ftp.sra.ebi.ac.uk/vol1/fastq/SRR176/003/SRR1768903/SRR1768903_2.fastq.gz
PRJNA273359	SRR1768904	GSM1588891	SAMN03290939	Pt16-DP1	ftp.sra.ebi.ac.uk/vol1/fastq/SRR176/004/SRR1768904/SRR1768904_1.fastq.gz;ftp.sra.ebi.ac.uk/vol1/fastq/SRR176/004/SRR1768904/SRR1768904_2.fastq.gz
PRJNA273359	SRR1768905	GSM1588891	SAMN03290939	Pt16-DP1	ftp.sra.ebi.ac.uk/vol1/fastq/SRR176/005/SRR1768905/SRR1768905_1.fastq.gz;ftp.sra.ebi.ac.uk/vol1/fastq/SRR176/005/SRR1768905/SRR1768905_2.fastq.gz
PRJNA273359	SRR1768906	GSM1588891	SAMN03290939	Pt16-DP1	ftp.sra.ebi.ac.uk/vol1/fastq/SRR176/006/SRR1768906/SRR1768906_1.fastq.gz;ftp.sra.ebi.ac.uk/vol1/fastq/SRR176/006/SRR1768906/SRR1768906_2.fastq.gz
PRJNA273359	SRR1768907	GSM1588892	SAMN03290949	Pt17-baseline	ftp.sra.ebi.ac.uk/vol1/fastq/SRR176/007/SRR1768907/SRR1768907_1.fastq.gz;ftp.sra.ebi.ac.uk/vol1/fastq/SRR176/007/SRR1768907/SRR1768907_2.fastq.gz
PRJNA273359	SRR1768908	GSM1588892	SAMN03290949	Pt17-baseline	ftp.sra.ebi.ac.uk/vol1/fastq/SRR176/008/SRR1768908/SRR1768908_1.fastq.gz;ftp.sra.ebi.ac.uk/vol1/fastq/SRR176/008/SRR1768908/SRR1768908_2.fastq.gz
PRJNA273359	SRR1768909	GSM1588892	SAMN03290949	Pt17-baseline	ftp.sra.ebi.ac.uk/vol1/fastq/SRR176/009/SRR1768909/SRR1768909_1.fastq.gz;ftp.sra.ebi.ac.uk/vol1/fastq/SRR176/009/SRR1768909/SRR1768909_2.fastq.gz
PRJNA273359	SRR1768910	GSM1588893	SAMN03290947	Pt17-DP1	ftp.sra.ebi.ac.uk/vol1/fastq/SRR176/000/SRR1768910/SRR1768910_1.fastq.gz;ftp.sra.ebi.ac.uk/vol1/fastq/SRR176/000/SRR1768910/SRR1768910_2.fastq.gz
PRJNA273359	SRR1768911	GSM1588893	SAMN03290947	Pt17-DP1	ftp.sra.ebi.ac.uk/vol1/fastq/SRR176/001/SRR1768911/SRR1768911_1.fastq.gz;ftp.sra.ebi.ac.uk/vol1/fastq/SRR176/001/SRR1768911/SRR1768911_2.fastq.gz
PRJNA273359	SRR1768912	GSM1588893	SAMN03290947	Pt17-DP1	ftp.sra.ebi.ac.uk/vol1/fastq/SRR176/002/SRR1768912/SRR1768912_1.fastq.gz;ftp.sra.ebi.ac.uk/vol1/fastq/SRR176/002/SRR1768912/SRR1768912_2.fastq.gz
PRJNA273359	SRR1768913	GSM1588894	SAMN03290930	Pt17-DP2	ftp.sra.ebi.ac.uk/vol1/fastq/SRR176/003/SRR1768913/SRR1768913_1.fastq.gz;ftp.sra.ebi.ac.uk/vol1/fastq/SRR176/003/SRR1768913/SRR1768913_2.fastq.gz
PRJNA273359	SRR1768914	GSM1588894	SAMN03290930	Pt17-DP2	ftp.sra.ebi.ac.uk/vol1/fastq/SRR176/004/SRR1768914/SRR1768914_1.fastq.gz;ftp.sra.ebi.ac.uk/vol1/fastq/SRR176/004/SRR1768914/SRR1768914_2.fastq.gz
PRJNA273359	SRR1768915	GSM1588894	SAMN03290930	Pt17-DP2	ftp.sra.ebi.ac.uk/vol1/fastq/SRR176/005/SRR1768915/SRR1768915_1.fastq.gz;ftp.sra.ebi.ac.uk/vol1/fastq/SRR176/005/SRR1768915/SRR1768915_2.fastq.gz
PRJNA273359	SRR1768916	GSM1588895	SAMN03290943	Pt18-baseline	ftp.sra.ebi.ac.uk/vol1/fastq/SRR176/006/SRR1768916/SRR1768916_1.fastq.gz;ftp.sra.ebi.ac.uk/vol1/fastq/SRR176/006/SRR1768916/SRR1768916_2.fastq.gz
PRJNA273359	SRR1768917	GSM1588896	SAMN03290928	Pt18-DDP1	ftp.sra.ebi.ac.uk/vol1/fastq/SRR176/007/SRR1768917/SRR1768917_1.fastq.gz;ftp.sra.ebi.ac.uk/vol1/fastq/SRR176/007/SRR1768917/SRR1768917_2.fastq.gz
PRJNA273359	SRR1768918	GSM1588897	SAMN03290950	Pt19-baseline	ftp.sra.ebi.ac.uk/vol1/fastq/SRR176/008/SRR1768918/SRR1768918_1.fastq.gz;ftp.sra.ebi.ac.uk/vol1/fastq/SRR176/008/SRR1768918/SRR1768918_2.fastq.gz
PRJNA273359	SRR1768919	GSM1588897	SAMN03290950	Pt19-baseline	ftp.sra.ebi.ac.uk/vol1/fastq/SRR176/009/SRR1768919/SRR1768919_1.fastq.gz;ftp.sra.ebi.ac.uk/vol1/fastq/SRR176/009/SRR1768919/SRR1768919_2.fastq.gz
PRJNA273359	SRR1768920	GSM1588898	SAMN03290937	Pt19-DDP1	ftp.sra.ebi.ac.uk/vol1/fastq/SRR176/000/SRR1768920/SRR1768920_1.fastq.gz;ftp.sra.ebi.ac.uk/vol1/fastq/SRR176/000/SRR1768920/SRR1768920_2.fastq.gz
PRJNA273359	SRR1768921	GSM1588898	SAMN03290937	Pt19-DDP1	ftp.sra.ebi.ac.uk/vol1/fastq/SRR176/001/SRR1768921/SRR1768921_1.fastq.gz;ftp.sra.ebi.ac.uk/vol1/fastq/SRR176/001/SRR1768921/SRR1768921_2.fastq.gz
PRJNA273359	SRR1768922	GSM1588899	SAMN03290935	Pt19-DDP2	ftp.sra.ebi.ac.uk/vol1/fastq/SRR176/002/SRR1768922/SRR1768922_1.fastq.gz;ftp.sra.ebi.ac.uk/vol1/fastq/SRR176/002/SRR1768922/SRR1768922_2.fastq.gz
PRJNA273359	SRR1768923	GSM1588899	SAMN03290935	Pt19-DDP2	ftp.sra.ebi.ac.uk/vol1/fastq/SRR176/003/SRR1768923/SRR1768923_1.fastq.gz;ftp.sra.ebi.ac.uk/vol1/fastq/SRR176/003/SRR1768923/SRR1768923_2.fastq.gz
PRJNA273359	SRR1768924	GSM1588900	SAMN03290942	Pt20-baseline	ftp.sra.ebi.ac.uk/vol1/fastq/SRR176/004/SRR1768924/SRR1768924_1.fastq.gz;ftp.sra.ebi.ac.uk/vol1/fastq/SRR176/004/SRR1768924/SRR1768924_2.fastq.gz
PRJNA273359	SRR1768925	GSM1588900	SAMN03290942	Pt20-baseline	ftp.sra.ebi.ac.uk/vol1/fastq/SRR176/005/SRR1768925/SRR1768925_1.fastq.gz;ftp.sra.ebi.ac.uk/vol1/fastq/SRR176/005/SRR1768925/SRR1768925_2.fastq.gz
PRJNA273359	SRR1768926	GSM1588901	SAMN03290934	Pt20-DDP1	ftp.sra.ebi.ac.uk/vol1/fastq/SRR176/006/SRR1768926/SRR1768926_1.fastq.gz;ftp.sra.ebi.ac.uk/vol1/fastq/SRR176/006/SRR1768926/SRR1768926_2.fastq.gz
PRJNA273359	SRR1768927	GSM1588901	SAMN03290934	Pt20-DDP1	ftp.sra.ebi.ac.uk/vol1/fastq/SRR176/007/SRR1768927/SRR1768927_1.fastq.gz;ftp.sra.ebi.ac.uk/vol1/fastq/SRR176/007/SRR1768927/SRR1768927_2.fastq.gz
PRJNA273359	SRR1768928	GSM1588902	SAMN03290946	Pt20-DP1	ftp.sra.ebi.ac.uk/vol1/fastq/SRR176/008/SRR1768928/SRR1768928_1.fastq.gz;ftp.sra.ebi.ac.uk/vol1/fastq/SRR176/008/SRR1768928/SRR1768928_2.fastq.gz
PRJNA273359	SRR1768929	GSM1588902	SAMN03290946	Pt20-DP1	ftp.sra.ebi.ac.uk/vol1/fastq/SRR176/009/SRR1768929/SRR1768929_1.fastq.gz;ftp.sra.ebi.ac.uk/vol1/fastq/SRR176/009/SRR1768929/SRR1768929_2.fastq.gz
PRJNA273359	SRR1768930	GSM1588903	SAMN03290940	Pt21-DDP1	ftp.sra.ebi.ac.uk/vol1/fastq/SRR176/000/SRR1768930/SRR1768930_1.fastq.gz;ftp.sra.ebi.ac.uk/vol1/fastq/SRR176/000/SRR1768930/SRR1768930_2.fastq.gz
PRJNA273359	SRR1768931	GSM1588903	SAMN03290940	Pt21-DDP1	ftp.sra.ebi.ac.uk/vol1/fastq/SRR176/001/SRR1768931/SRR1768931_1.fastq.gz;ftp.sra.ebi.ac.uk/vol1/fastq/SRR176/001/SRR1768931/SRR1768931_2.fastq.gz
PRJNA273359	SRR1768932	GSM1588903	SAMN03290940	Pt21-DDP1	ftp.sra.ebi.ac.uk/vol1/fastq/SRR176/002/SRR1768932/SRR1768932_1.fastq.gz;ftp.sra.ebi.ac.uk/vol1/fastq/SRR176/002/SRR1768932/SRR1768932_2.fastq.gz
PRJNA273359	SRR1768933	GSM1588904	SAMN03290927	Pt21-DDP2	ftp.sra.ebi.ac.uk/vol1/fastq/SRR176/003/SRR1768933/SRR1768933_1.fastq.gz;ftp.sra.ebi.ac.uk/vol1/fastq/SRR176/003/SRR1768933/SRR1768933_2.fastq.gz
PRJNA273359	SRR1768934	GSM1588904	SAMN03290927	Pt21-DDP2	ftp.sra.ebi.ac.uk/vol1/fastq/SRR176/004/SRR1768934/SRR1768934_1.fastq.gz;ftp.sra.ebi.ac.uk/vol1/fastq/SRR176/004/SRR1768934/SRR1768934_2.fastq.gz
PRJNA273359	SRR1768935	GSM1588904	SAMN03290927	Pt21-DDP2	ftp.sra.ebi.ac.uk/vol1/fastq/SRR176/005/SRR1768935/SRR1768935_1.fastq.gz;ftp.sra.ebi.ac.uk/vol1/fastq/SRR176/005/SRR1768935/SRR1768935_2.fastq.gz
PRJNA273359	SRR1768936	GSM1588905	SAMN03290931	Pt21-DP2	ftp.sra.ebi.ac.uk/vol1/fastq/SRR176/006/SRR1768936/SRR1768936_1.fastq.gz;ftp.sra.ebi.ac.uk/vol1/fastq/SRR176/006/SRR1768936/SRR1768936_2.fastq.gz
PRJNA273359	SRR1768937	GSM1588905	SAMN03290931	Pt21-DP2	ftp.sra.ebi.ac.uk/vol1/fastq/SRR176/007/SRR1768937/SRR1768937_1.fastq.gz;ftp.sra.ebi.ac.uk/vol1/fastq/SRR176/007/SRR1768937/SRR1768937_2.fastq.gz
PRJNA273359	SRR1768938	GSM1588905	SAMN03290931	Pt21-DP2	ftp.sra.ebi.ac.uk/vol1/fastq/SRR176/008/SRR1768938/SRR1768938_1.fastq.gz;ftp.sra.ebi.ac.uk/vol1/fastq/SRR176/008/SRR1768938/SRR1768938_2.fastq.gz
PRJNA273359	SRR1768939	GSM1588906	SAMN03290923	Pt22-baseline	ftp.sra.ebi.ac.uk/vol1/fastq/SRR176/009/SRR1768939/SRR1768939_1.fastq.gz;ftp.sra.ebi.ac.uk/vol1/fastq/SRR176/009/SRR1768939/SRR1768939_2.fastq.gz
PRJNA273359	SRR1768940	GSM1588906	SAMN03290923	Pt22-baseline	ftp.sra.ebi.ac.uk/vol1/fastq/SRR176/000/SRR1768940/SRR1768940_1.fastq.gz;ftp.sra.ebi.ac.uk/vol1/fastq/SRR176/000/SRR1768940/SRR1768940_2.fastq.gz
PRJNA273359	SRR1768941	GSM1588907	SAMN03290933	Pt22-DDP1	ftp.sra.ebi.ac.uk/vol1/fastq/SRR176/001/SRR1768941/SRR1768941_1.fastq.gz;ftp.sra.ebi.ac.uk/vol1/fastq/SRR176/001/SRR1768941/SRR1768941_2.fastq.gz
PRJNA273359	SRR1768942	GSM1588907	SAMN03290933	Pt22-DDP1	ftp.sra.ebi.ac.uk/vol1/fastq/SRR176/002/SRR1768942/SRR1768942_1.fastq.gz;ftp.sra.ebi.ac.uk/vol1/fastq/SRR176/002/SRR1768942/SRR1768942_2.fastq.gz
PRJNA273359	SRR1768943	GSM1588908	SAMN03290953	Pt22-DDP2	ftp.sra.ebi.ac.uk/vol1/fastq/SRR176/003/SRR1768943/SRR1768943_1.fastq.gz;ftp.sra.ebi.ac.uk/vol1/fastq/SRR176/003/SRR1768943/SRR1768943_2.fastq.gz
PRJNA273359	SRR1768944	GSM1588908	SAMN03290953	Pt22-DDP2	ftp.sra.ebi.ac.uk/vol1/fastq/SRR176/004/SRR1768944/SRR1768944_1.fastq.gz;ftp.sra.ebi.ac.uk/vol1/fastq/SRR176/004/SRR1768944/SRR1768944_2.fastq.gz
PRJNA273359	SRR1768945	GSM1588909	SAMN03290941	Pt22-DDP3	ftp.sra.ebi.ac.uk/vol1/fastq/SRR176/005/SRR1768945/SRR1768945_1.fastq.gz;ftp.sra.ebi.ac.uk/vol1/fastq/SRR176/005/SRR1768945/SRR1768945_2.fastq.gz
PRJNA273359	SRR1768946	GSM1588909	SAMN03290941	Pt22-DDP3	ftp.sra.ebi.ac.uk/vol1/fastq/SRR176/006/SRR1768946/SRR1768946_1.fastq.gz;ftp.sra.ebi.ac.uk/vol1/fastq/SRR176/006/SRR1768946/SRR1768946_2.fastq.gz
PRJNA273359	SRR1768947	GSM1588910	SAMN03290926	Pt23-baseline	ftp.sra.ebi.ac.uk/vol1/fastq/SRR176/007/SRR1768947/SRR1768947_1.fastq.gz;ftp.sra.ebi.ac.uk/vol1/fastq/SRR176/007/SRR1768947/SRR1768947_2.fastq.gz
PRJNA273359	SRR1768948	GSM1588910	SAMN03290926	Pt23-baseline	ftp.sra.ebi.ac.uk/vol1/fastq/SRR176/008/SRR1768948/SRR1768948_1.fastq.gz;ftp.sra.ebi.ac.uk/vol1/fastq/SRR176/008/SRR1768948/SRR1768948_2.fastq.gz
PRJNA273359	SRR1768949	GSM1588911	SAMN03290925	Pt23-DDP1	ftp.sra.ebi.ac.uk/vol1/fastq/SRR176/009/SRR1768949/SRR1768949_1.fastq.gz;ftp.sra.ebi.ac.uk/vol1/fastq/SRR176/009/SRR1768949/SRR1768949_2.fastq.gz
PRJNA273359	SRR1768950	GSM1588912	SAMN03290945	Pt24-baseline	ftp.sra.ebi.ac.uk/vol1/fastq/SRR176/000/SRR1768950/SRR1768950_1.fastq.gz;ftp.sra.ebi.ac.uk/vol1/fastq/SRR176/000/SRR1768950/SRR1768950_2.fastq.gz
PRJNA273359	SRR1768951	GSM1588912	SAMN03290945	Pt24-baseline	ftp.sra.ebi.ac.uk/vol1/fastq/SRR176/001/SRR1768951/SRR1768951_1.fastq.gz;ftp.sra.ebi.ac.uk/vol1/fastq/SRR176/001/SRR1768951/SRR1768951_2.fastq.gz
PRJNA273359	SRR1768952	GSM1588913	SAMN03290938	Pt24-DDP1	ftp.sra.ebi.ac.uk/vol1/fastq/SRR176/002/SRR1768952/SRR1768952_1.fastq.gz;ftp.sra.ebi.ac.uk/vol1/fastq/SRR176/002/SRR1768952/SRR1768952_2.fastq.gz
PRJNA273359	SRR1768953	GSM1588913	SAMN03290938	Pt24-DDP1	ftp.sra.ebi.ac.uk/vol1/fastq/SRR176/003/SRR1768953/SRR1768953_1.fastq.gz;ftp.sra.ebi.ac.uk/vol1/fastq/SRR176/003/SRR1768953/SRR1768953_2.fastq.gz
PRJNA273359	SRR1768954	GSM1588914	SAMN03290952	M229-DMSO2D	ftp.sra.ebi.ac.uk/vol1/fastq/SRR176/004/SRR1768954/SRR1768954_1.fastq.gz;ftp.sra.ebi.ac.uk/vol1/fastq/SRR176/004/SRR1768954/SRR1768954_2.fastq.gz
PRJNA273359	SRR1768955	GSM1588914	SAMN03290952	M229-DMSO2D	ftp.sra.ebi.ac.uk/vol1/fastq/SRR176/005/SRR1768955/SRR1768955_1.fastq.gz;ftp.sra.ebi.ac.uk/vol1/fastq/SRR176/005/SRR1768955/SRR1768955_2.fastq.gz
PRJNA273359	SRR1768956	GSM1588914	SAMN03290952	M229-DMSO2D	ftp.sra.ebi.ac.uk/vol1/fastq/SRR176/006/SRR1768956/SRR1768956_1.fastq.gz;ftp.sra.ebi.ac.uk/vol1/fastq/SRR176/006/SRR1768956/SRR1768956_2.fastq.gz
PRJNA273359	SRR1768957	GSM1588914	SAMN03290952	M229-DMSO2D	ftp.sra.ebi.ac.uk/vol1/fastq/SRR176/007/SRR1768957/SRR1768957_1.fastq.gz;ftp.sra.ebi.ac.uk/vol1/fastq/SRR176/007/SRR1768957/SRR1768957_2.fastq.gz
PRJNA273359	SRR1768958	GSM1588914	SAMN03290952	M229-DMSO2D	ftp.sra.ebi.ac.uk/vol1/fastq/SRR176/008/SRR1768958/SRR1768958_1.fastq.gz;ftp.sra.ebi.ac.uk/vol1/fastq/SRR176/008/SRR1768958/SRR1768958_2.fastq.gz
PRJNA273359	SRR1768959	GSM1588914	SAMN03290952	M229-DMSO2D	ftp.sra.ebi.ac.uk/vol1/fastq/SRR176/009/SRR1768959/SRR1768959_1.fastq.gz;ftp.sra.ebi.ac.uk/vol1/fastq/SRR176/009/SRR1768959/SRR1768959_2.fastq.gz
PRJNA273359	SRR1768960	GSM1588914	SAMN03290952	M229-DMSO2D	ftp.sra.ebi.ac.uk/vol1/fastq/SRR176/000/SRR1768960/SRR1768960_1.fastq.gz;ftp.sra.ebi.ac.uk/vol1/fastq/SRR176/000/SRR1768960/SRR1768960_2.fastq.gz
PRJNA273359	SRR1768961	GSM1588914	SAMN03290952	M229-DMSO2D	ftp.sra.ebi.ac.uk/vol1/fastq/SRR176/001/SRR1768961/SRR1768961_1.fastq.gz;ftp.sra.ebi.ac.uk/vol1/fastq/SRR176/001/SRR1768961/SRR1768961_2.fastq.gz
PRJNA273359	SRR1768962	GSM1588915	SAMN03290954	M229R5-PLX	ftp.sra.ebi.ac.uk/vol1/fastq/SRR176/002/SRR1768962/SRR1768962_1.fastq.gz;ftp.sra.ebi.ac.uk/vol1/fastq/SRR176/002/SRR1768962/SRR1768962_2.fastq.gz
PRJNA273359	SRR1768963	GSM1588915	SAMN03290954	M229R5-PLX	ftp.sra.ebi.ac.uk/vol1/fastq/SRR176/003/SRR1768963/SRR1768963_1.fastq.gz;ftp.sra.ebi.ac.uk/vol1/fastq/SRR176/003/SRR1768963/SRR1768963_2.fastq.gz
PRJNA273359	SRR1768964	GSM1588915	SAMN03290954	M229R5-PLX	ftp.sra.ebi.ac.uk/vol1/fastq/SRR176/004/SRR1768964/SRR1768964_1.fastq.gz;ftp.sra.ebi.ac.uk/vol1/fastq/SRR176/004/SRR1768964/SRR1768964_2.fastq.gz
PRJNA273359	SRR1768965	GSM1588915	SAMN03290954	M229R5-PLX	ftp.sra.ebi.ac.uk/vol1/fastq/SRR176/005/SRR1768965/SRR1768965_1.fastq.gz;ftp.sra.ebi.ac.uk/vol1/fastq/SRR176/005/SRR1768965/SRR1768965_2.fastq.gz
PRJNA273359	SRR1768966	GSM1588915	SAMN03290954	M229R5-PLX	ftp.sra.ebi.ac.uk/vol1/fastq/SRR176/006/SRR1768966/SRR1768966_1.fastq.gz;ftp.sra.ebi.ac.uk/vol1/fastq/SRR176/006/SRR1768966/SRR1768966_2.fastq.gz
PRJNA273359	SRR1768967	GSM1588915	SAMN03290954	M229R5-PLX	ftp.sra.ebi.ac.uk/vol1/fastq/SRR176/007/SRR1768967/SRR1768967_1.fastq.gz;ftp.sra.ebi.ac.uk/vol1/fastq/SRR176/007/SRR1768967/SRR1768967_2.fastq.gz
PRJNA273359	SRR1768968	GSM1588915	SAMN03290954	M229R5-PLX	ftp.sra.ebi.ac.uk/vol1/fastq/SRR176/008/SRR1768968/SRR1768968_1.fastq.gz;ftp.sra.ebi.ac.uk/vol1/fastq/SRR176/008/SRR1768968/SRR1768968_2.fastq.gz
PRJNA273359	SRR1768969	GSM1588915	SAMN03290954	M229R5-PLX	ftp.sra.ebi.ac.uk/vol1/fastq/SRR176/009/SRR1768969/SRR1768969_1.fastq.gz;ftp.sra.ebi.ac.uk/vol1/fastq/SRR176/009/SRR1768969/SRR1768969_2.fastq.gz
PRJNA273359	SRR1768970	GSM1588916	SAMN03290944	M229DDRpoly-PLXAZD	ftp.sra.ebi.ac.uk/vol1/fastq/SRR176/000/SRR1768970/SRR1768970_1.fastq.gz;ftp.sra.ebi.ac.uk/vol1/fastq/SRR176/000/SRR1768970/SRR1768970_2.fastq.gz
PRJNA273359	SRR1768971	GSM1588916	SAMN03290944	M229DDRpoly-PLXAZD	ftp.sra.ebi.ac.uk/vol1/fastq/SRR176/001/SRR1768971/SRR1768971_1.fastq.gz;ftp.sra.ebi.ac.uk/vol1/fastq/SRR176/001/SRR1768971/SRR1768971_2.fastq.gz
PRJNA273359	SRR1768972	GSM1588917	SAMN03290951	M238-DMSO2D	ftp.sra.ebi.ac.uk/vol1/fastq/SRR176/002/SRR1768972/SRR1768972_1.fastq.gz;ftp.sra.ebi.ac.uk/vol1/fastq/SRR176/002/SRR1768972/SRR1768972_2.fastq.gz
PRJNA273359	SRR1768973	GSM1588917	SAMN03290951	M238-DMSO2D	ftp.sra.ebi.ac.uk/vol1/fastq/SRR176/003/SRR1768973/SRR1768973_1.fastq.gz;ftp.sra.ebi.ac.uk/vol1/fastq/SRR176/003/SRR1768973/SRR1768973_2.fastq.gz
PRJNA273359	SRR1768974	GSM1588917	SAMN03290951	M238-DMSO2D	ftp.sra.ebi.ac.uk/vol1/fastq/SRR176/004/SRR1768974/SRR1768974_1.fastq.gz;ftp.sra.ebi.ac.uk/vol1/fastq/SRR176/004/SRR1768974/SRR1768974_2.fastq.gz
PRJNA273359	SRR1768975	GSM1588917	SAMN03290951	M238-DMSO2D	ftp.sra.ebi.ac.uk/vol1/fastq/SRR176/005/SRR1768975/SRR1768975_1.fastq.gz;ftp.sra.ebi.ac.uk/vol1/fastq/SRR176/005/SRR1768975/SRR1768975_2.fastq.gz
PRJNA273359	SRR1768976	GSM1588917	SAMN03290951	M238-DMSO2D	ftp.sra.ebi.ac.uk/vol1/fastq/SRR176/006/SRR1768976/SRR1768976_1.fastq.gz;ftp.sra.ebi.ac.uk/vol1/fastq/SRR176/006/SRR1768976/SRR1768976_2.fastq.gz
PRJNA273359	SRR1768977	GSM1588917	SAMN03290951	M238-DMSO2D	ftp.sra.ebi.ac.uk/vol1/fastq/SRR176/007/SRR1768977/SRR1768977_1.fastq.gz;ftp.sra.ebi.ac.uk/vol1/fastq/SRR176/007/SRR1768977/SRR1768977_2.fastq.gz
PRJNA273359	SRR1768978	GSM1588918	SAMN03290932	M238R1-PLX	ftp.sra.ebi.ac.uk/vol1/fastq/SRR176/008/SRR1768978/SRR1768978_1.fastq.gz;ftp.sra.ebi.ac.uk/vol1/fastq/SRR176/008/SRR1768978/SRR1768978_2.fastq.gz
PRJNA273359	SRR1768979	GSM1588918	SAMN03290932	M238R1-PLX	ftp.sra.ebi.ac.uk/vol1/fastq/SRR176/009/SRR1768979/SRR1768979_1.fastq.gz;ftp.sra.ebi.ac.uk/vol1/fastq/SRR176/009/SRR1768979/SRR1768979_2.fastq.gz
PRJNA273359	SRR1768980	GSM1588918	SAMN03290932	M238R1-PLX	ftp.sra.ebi.ac.uk/vol1/fastq/SRR176/000/SRR1768980/SRR1768980_1.fastq.gz;ftp.sra.ebi.ac.uk/vol1/fastq/SRR176/000/SRR1768980/SRR1768980_2.fastq.gz
PRJNA273359	SRR1768981	GSM1588918	SAMN03290932	M238R1-PLX	ftp.sra.ebi.ac.uk/vol1/fastq/SRR176/001/SRR1768981/SRR1768981_1.fastq.gz;ftp.sra.ebi.ac.uk/vol1/fastq/SRR176/001/SRR1768981/SRR1768981_2.fastq.gz
PRJNA273359	SRR1768982	GSM1588918	SAMN03290932	M238R1-PLX	ftp.sra.ebi.ac.uk/vol1/fastq/SRR176/002/SRR1768982/SRR1768982_1.fastq.gz;ftp.sra.ebi.ac.uk/vol1/fastq/SRR176/002/SRR1768982/SRR1768982_2.fastq.gz
PRJNA273359	SRR1768983	GSM1588918	SAMN03290932	M238R1-PLX	ftp.sra.ebi.ac.uk/vol1/fastq/SRR176/003/SRR1768983/SRR1768983_1.fastq.gz;ftp.sra.ebi.ac.uk/vol1/fastq/SRR176/003/SRR1768983/SRR1768983_2.fastq.gz
PRJNA273359	SRR1768984	GSM1588919	SAMN03290948	SKMel28-DMSO	ftp.sra.ebi.ac.uk/vol1/fastq/SRR176/004/SRR1768984/SRR1768984_1.fastq.gz;ftp.sra.ebi.ac.uk/vol1/fastq/SRR176/004/SRR1768984/SRR1768984_2.fastq.gz
PRJNA273359	SRR1768985	GSM1588919	SAMN03290948	SKMel28-DMSO	ftp.sra.ebi.ac.uk/vol1/fastq/SRR176/005/SRR1768985/SRR1768985_1.fastq.gz;ftp.sra.ebi.ac.uk/vol1/fastq/SRR176/005/SRR1768985/SRR1768985_2.fastq.gz
PRJNA273359	SRR1768986	GSM1588920	SAMN03290936	SKMel28R1-PLX	ftp.sra.ebi.ac.uk/vol1/fastq/SRR176/006/SRR1768986/SRR1768986_1.fastq.gz;ftp.sra.ebi.ac.uk/vol1/fastq/SRR176/006/SRR1768986/SRR1768986_2.fastq.gz
PRJNA273359	SRR1768987	GSM1588920	SAMN03290936	SKMel28R1-PLX	ftp.sra.ebi.ac.uk/vol1/fastq/SRR176/007/SRR1768987/SRR1768987_1.fastq.gz;ftp.sra.ebi.ac.uk/vol1/fastq/SRR176/007/SRR1768987/SRR1768987_2.fastq.gz
PRJNA273359	SRR1768988	GSM1588921	SAMN03290929	SKMel28DDR1-PLXAZD	ftp.sra.ebi.ac.uk/vol1/fastq/SRR176/008/SRR1768988/SRR1768988_1.fastq.gz;ftp.sra.ebi.ac.uk/vol1/fastq/SRR176/008/SRR1768988/SRR1768988_2.fastq.gz
PRJNA273359	SRR1768989	GSM1588921	SAMN03290929	SKMel28DDR1-PLXAZD	ftp.sra.ebi.ac.uk/vol1/fastq/SRR176/009/SRR1768989/SRR1768989_1.fastq.gz;ftp.sra.ebi.ac.uk/vol1/fastq/SRR176/009/SRR1768989/SRR1768989_2.fastq.gz
PRJNA303170	SRR2954256	GSM1949045	SAMN04287674	Pt1 baseline	ftp.sra.ebi.ac.uk/vol1/fastq/SRR295/006/SRR2954256/SRR2954256_1.fastq.gz;ftp.sra.ebi.ac.uk/vol1/fastq/SRR295/006/SRR2954256/SRR2954256_2.fastq.gz
PRJNA303170	SRR2954257	GSM1949046	SAMN04287675	Pt1 D85	ftp.sra.ebi.ac.uk/vol1/fastq/SRR295/007/SRR2954257/SRR2954257_1.fastq.gz;ftp.sra.ebi.ac.uk/vol1/fastq/SRR295/007/SRR2954257/SRR2954257_2.fastq.gz
PRJNA303170	SRR2954258	GSM1949047	SAMN04287676	Pt2 baseline	ftp.sra.ebi.ac.uk/vol1/fastq/SRR295/008/SRR2954258/SRR2954258_1.fastq.gz;ftp.sra.ebi.ac.uk/vol1/fastq/SRR295/008/SRR2954258/SRR2954258_2.fastq.gz
PRJNA303170	SRR2954259	GSM1949048	SAMN04287677	Pt2 D726	ftp.sra.ebi.ac.uk/vol1/fastq/SRR295/009/SRR2954259/SRR2954259_1.fastq.gz;ftp.sra.ebi.ac.uk/vol1/fastq/SRR295/009/SRR2954259/SRR2954259_2.fastq.gz
PRJNA303170	SRR2954260	GSM1949049	SAMN04287678	Pt3 baseline	ftp.sra.ebi.ac.uk/vol1/fastq/SRR295/000/SRR2954260/SRR2954260_1.fastq.gz;ftp.sra.ebi.ac.uk/vol1/fastq/SRR295/000/SRR2954260/SRR2954260_2.fastq.gz
PRJNA303170	SRR2954261	GSM1949050	SAMN04287679	Pt3 D22	ftp.sra.ebi.ac.uk/vol1/fastq/SRR295/001/SRR2954261/SRR2954261_1.fastq.gz;ftp.sra.ebi.ac.uk/vol1/fastq/SRR295/001/SRR2954261/SRR2954261_2.fastq.gz
PRJNA303170	SRR2954262	GSM1949051	SAMN04287680	Pt4 baseline	ftp.sra.ebi.ac.uk/vol1/fastq/SRR295/002/SRR2954262/SRR2954262_1.fastq.gz;ftp.sra.ebi.ac.uk/vol1/fastq/SRR295/002/SRR2954262/SRR2954262_2.fastq.gz
PRJNA303170	SRR2954263	GSM1949052	SAMN04287681	Pt4 D15	ftp.sra.ebi.ac.uk/vol1/fastq/SRR295/003/SRR2954263/SRR2954263_1.fastq.gz;ftp.sra.ebi.ac.uk/vol1/fastq/SRR295/003/SRR2954263/SRR2954263_2.fastq.gz
PRJNA303170	SRR2954264	GSM1949053	SAMN04287682	Pt4 RD261	ftp.sra.ebi.ac.uk/vol1/fastq/SRR295/004/SRR2954264/SRR2954264_1.fastq.gz;ftp.sra.ebi.ac.uk/vol1/fastq/SRR295/004/SRR2954264/SRR2954264_2.fastq.gz
PRJNA303170	SRR2954265	GSM1949054	SAMN04287683	Pt6 baseline	ftp.sra.ebi.ac.uk/vol1/fastq/SRR295/005/SRR2954265/SRR2954265_1.fastq.gz;ftp.sra.ebi.ac.uk/vol1/fastq/SRR295/005/SRR2954265/SRR2954265_2.fastq.gz
PRJNA303170	SRR2954266	GSM1949055	SAMN04287684	Pt6 D6	ftp.sra.ebi.ac.uk/vol1/fastq/SRR295/006/SRR2954266/SRR2954266_1.fastq.gz;ftp.sra.ebi.ac.uk/vol1/fastq/SRR295/006/SRR2954266/SRR2954266_2.fastq.gz
PRJNA303170	SRR2954267	GSM1949056	SAMN04287685	Pt6 D12	ftp.sra.ebi.ac.uk/vol1/fastq/SRR295/007/SRR2954267/SRR2954267_1.fastq.gz;ftp.sra.ebi.ac.uk/vol1/fastq/SRR295/007/SRR2954267/SRR2954267_2.fastq.gz
PRJNA303170	SRR2954268	GSM1949057	SAMN04287686	Pt6 D15	ftp.sra.ebi.ac.uk/vol1/fastq/SRR295/008/SRR2954268/SRR2954268_1.fastq.gz;ftp.sra.ebi.ac.uk/vol1/fastq/SRR295/008/SRR2954268/SRR2954268_2.fastq.gz
PRJNA303170	SRR2954269	GSM1949058	SAMN04287687	Pt7 baseline	ftp.sra.ebi.ac.uk/vol1/fastq/SRR295/009/SRR2954269/SRR2954269_1.fastq.gz;ftp.sra.ebi.ac.uk/vol1/fastq/SRR295/009/SRR2954269/SRR2954269_2.fastq.gz
PRJNA303170	SRR2954270	GSM1949059	SAMN04287688	Pt7 D15A	ftp.sra.ebi.ac.uk/vol1/fastq/SRR295/000/SRR2954270/SRR2954270_1.fastq.gz;ftp.sra.ebi.ac.uk/vol1/fastq/SRR295/000/SRR2954270/SRR2954270_2.fastq.gz
PRJNA303170	SRR2954271	GSM1949060	SAMN04287689	Pt7 D15B	ftp.sra.ebi.ac.uk/vol1/fastq/SRR295/001/SRR2954271/SRR2954271_1.fastq.gz;ftp.sra.ebi.ac.uk/vol1/fastq/SRR295/001/SRR2954271/SRR2954271_2.fastq.gz
PRJNA303170	SRR2954272	GSM1949061	SAMN04287690	Pt7 D15C	ftp.sra.ebi.ac.uk/vol1/fastq/SRR295/002/SRR2954272/SRR2954272_1.fastq.gz;ftp.sra.ebi.ac.uk/vol1/fastq/SRR295/002/SRR2954272/SRR2954272_2.fastq.gz
PRJNA303170	SRR2954273	GSM1949062	SAMN04287691	Pt8 baseline	ftp.sra.ebi.ac.uk/vol1/fastq/SRR295/003/SRR2954273/SRR2954273_1.fastq.gz;ftp.sra.ebi.ac.uk/vol1/fastq/SRR295/003/SRR2954273/SRR2954273_2.fastq.gz
PRJNA303170	SRR2954274	GSM1949063	SAMN04287692	Pt8 D22	ftp.sra.ebi.ac.uk/vol1/fastq/SRR295/004/SRR2954274/SRR2954274_1.fastq.gz;ftp.sra.ebi.ac.uk/vol1/fastq/SRR295/004/SRR2954274/SRR2954274_2.fastq.gz
PRJNA303170	SRR2954275	GSM1949064	SAMN04287693	M229-P-1	ftp.sra.ebi.ac.uk/vol1/fastq/SRR295/005/SRR2954275/SRR2954275_1.fastq.gz;ftp.sra.ebi.ac.uk/vol1/fastq/SRR295/005/SRR2954275/SRR2954275_2.fastq.gz
PRJNA303170	SRR2954276	GSM1949065	SAMN04287694	M229-P-2	ftp.sra.ebi.ac.uk/vol1/fastq/SRR295/006/SRR2954276/SRR2954276_1.fastq.gz;ftp.sra.ebi.ac.uk/vol1/fastq/SRR295/006/SRR2954276/SRR2954276_2.fastq.gz
PRJNA303170	SRR2954277	GSM1949066	SAMN04287695	M229-BRAFi2D-1	ftp.sra.ebi.ac.uk/vol1/fastq/SRR295/007/SRR2954277/SRR2954277_1.fastq.gz;ftp.sra.ebi.ac.uk/vol1/fastq/SRR295/007/SRR2954277/SRR2954277_2.fastq.gz
PRJNA303170	SRR2954278	GSM1949067	SAMN04287696	M229-BRAFi2D-2	ftp.sra.ebi.ac.uk/vol1/fastq/SRR295/008/SRR2954278/SRR2954278_1.fastq.gz;ftp.sra.ebi.ac.uk/vol1/fastq/SRR295/008/SRR2954278/SRR2954278_2.fastq.gz
PRJNA303170	SRR2954279	GSM1949068	SAMN04287697	M229-DTP-1	ftp.sra.ebi.ac.uk/vol1/fastq/SRR295/009/SRR2954279/SRR2954279_1.fastq.gz;ftp.sra.ebi.ac.uk/vol1/fastq/SRR295/009/SRR2954279/SRR2954279_2.fastq.gz
PRJNA303170	SRR2954280	GSM1949069	SAMN04287698	M229-DTP-2	ftp.sra.ebi.ac.uk/vol1/fastq/SRR295/000/SRR2954280/SRR2954280_1.fastq.gz;ftp.sra.ebi.ac.uk/vol1/fastq/SRR295/000/SRR2954280/SRR2954280_2.fastq.gz
PRJNA303170	SRR2954281	GSM1949070	SAMN04287699	M229-DTPP-1	ftp.sra.ebi.ac.uk/vol1/fastq/SRR295/001/SRR2954281/SRR2954281_1.fastq.gz;ftp.sra.ebi.ac.uk/vol1/fastq/SRR295/001/SRR2954281/SRR2954281_2.fastq.gz
PRJNA303170	SRR2954282	GSM1949071	SAMN04287700	M229-DTPP-2	ftp.sra.ebi.ac.uk/vol1/fastq/SRR295/002/SRR2954282/SRR2954282_1.fastq.gz;ftp.sra.ebi.ac.uk/vol1/fastq/SRR295/002/SRR2954282/SRR2954282_2.fastq.gz
PRJNA303170	SRR2954283	GSM1949072	SAMN04287701	M229-SDR-1	ftp.sra.ebi.ac.uk/vol1/fastq/SRR295/003/SRR2954283/SRR2954283_1.fastq.gz;ftp.sra.ebi.ac.uk/vol1/fastq/SRR295/003/SRR2954283/SRR2954283_2.fastq.gz
PRJNA303170	SRR2954284	GSM1949073	SAMN04287702	M229-SDR-2	ftp.sra.ebi.ac.uk/vol1/fastq/SRR295/004/SRR2954284/SRR2954284_1.fastq.gz;ftp.sra.ebi.ac.uk/vol1/fastq/SRR295/004/SRR2954284/SRR2954284_2.fastq.gz
PRJNA303170	SRR2954285	GSM1949074	SAMN04287703	M238-P-1	ftp.sra.ebi.ac.uk/vol1/fastq/SRR295/005/SRR2954285/SRR2954285_1.fastq.gz;ftp.sra.ebi.ac.uk/vol1/fastq/SRR295/005/SRR2954285/SRR2954285_2.fastq.gz
PRJNA303170	SRR2954286	GSM1949075	SAMN04287704	M238-P-2	ftp.sra.ebi.ac.uk/vol1/fastq/SRR295/006/SRR2954286/SRR2954286_1.fastq.gz;ftp.sra.ebi.ac.uk/vol1/fastq/SRR295/006/SRR2954286/SRR2954286_2.fastq.gz
PRJNA303170	SRR2954287	GSM1949076	SAMN04287705	M238-BRAFi2D-1	ftp.sra.ebi.ac.uk/vol1/fastq/SRR295/007/SRR2954287/SRR2954287_1.fastq.gz;ftp.sra.ebi.ac.uk/vol1/fastq/SRR295/007/SRR2954287/SRR2954287_2.fastq.gz
PRJNA303170	SRR2954288	GSM1949077	SAMN04287706	M238-BRAFi2D-2	ftp.sra.ebi.ac.uk/vol1/fastq/SRR295/008/SRR2954288/SRR2954288_1.fastq.gz;ftp.sra.ebi.ac.uk/vol1/fastq/SRR295/008/SRR2954288/SRR2954288_2.fastq.gz
PRJNA303170	SRR2954289	GSM1949078	SAMN04287707	M238-DTP-1	ftp.sra.ebi.ac.uk/vol1/fastq/SRR295/009/SRR2954289/SRR2954289_1.fastq.gz;ftp.sra.ebi.ac.uk/vol1/fastq/SRR295/009/SRR2954289/SRR2954289_2.fastq.gz
PRJNA303170	SRR2954290	GSM1949079	SAMN04287708	M238-DTP-2	ftp.sra.ebi.ac.uk/vol1/fastq/SRR295/000/SRR2954290/SRR2954290_1.fastq.gz;ftp.sra.ebi.ac.uk/vol1/fastq/SRR295/000/SRR2954290/SRR2954290_2.fastq.gz
PRJNA303170	SRR2954291	GSM1949080	SAMN04287709	M238-DTPP-1	ftp.sra.ebi.ac.uk/vol1/fastq/SRR295/001/SRR2954291/SRR2954291_1.fastq.gz;ftp.sra.ebi.ac.uk/vol1/fastq/SRR295/001/SRR2954291/SRR2954291_2.fastq.gz
PRJNA303170	SRR2954292	GSM1949081	SAMN04287710	M238-DTPP-2	ftp.sra.ebi.ac.uk/vol1/fastq/SRR295/002/SRR2954292/SRR2954292_1.fastq.gz;ftp.sra.ebi.ac.uk/vol1/fastq/SRR295/002/SRR2954292/SRR2954292_2.fastq.gz
PRJNA303170	SRR2954293	GSM1949082	SAMN04287711	M238-SDR-1	ftp.sra.ebi.ac.uk/vol1/fastq/SRR295/003/SRR2954293/SRR2954293_1.fastq.gz;ftp.sra.ebi.ac.uk/vol1/fastq/SRR295/003/SRR2954293/SRR2954293_2.fastq.gz
PRJNA303170	SRR2954294	GSM1949083	SAMN04287712	M238-SDR-2	ftp.sra.ebi.ac.uk/vol1/fastq/SRR295/004/SRR2954294/SRR2954294_1.fastq.gz;ftp.sra.ebi.ac.uk/vol1/fastq/SRR295/004/SRR2954294/SRR2954294_2.fastq.gz
PRJNA303170	SRR6014240	GSM2775088	SAMN07614911	M249-P1	ftp.sra.ebi.ac.uk/vol1/fastq/SRR601/000/SRR6014240/SRR6014240_1.fastq.gz;ftp.sra.ebi.ac.uk/vol1/fastq/SRR601/000/SRR6014240/SRR6014240_2.fastq.gz
PRJNA303170	SRR6014241	GSM2775089	SAMN07614910	M249-DDR4	ftp.sra.ebi.ac.uk/vol1/fastq/SRR601/001/SRR6014241/SRR6014241_1.fastq.gz;ftp.sra.ebi.ac.uk/vol1/fastq/SRR601/001/SRR6014241/SRR6014241_2.fastq.gz
PRJNA303170	SRR6014242	GSM2775090	SAMN07614909	M249-DDR5	ftp.sra.ebi.ac.uk/vol1/fastq/SRR601/002/SRR6014242/SRR6014242_1.fastq.gz;ftp.sra.ebi.ac.uk/vol1/fastq/SRR601/002/SRR6014242/SRR6014242_2.fastq.gz
PRJNA303170	SRR6019852	GSM2776897	SAMN07622511	SKMEL28-P	ftp.sra.ebi.ac.uk/vol1/fastq/SRR601/002/SRR6019852/SRR6019852_1.fastq.gz;ftp.sra.ebi.ac.uk/vol1/fastq/SRR601/002/SRR6019852/SRR6019852_2.fastq.gz
PRJNA303170	SRR6019853	GSM2776897	SAMN07622511	SKMEL28-P	ftp.sra.ebi.ac.uk/vol1/fastq/SRR601/003/SRR6019853/SRR6019853_1.fastq.gz;ftp.sra.ebi.ac.uk/vol1/fastq/SRR601/003/SRR6019853/SRR6019853_2.fastq.gz
PRJNA303170	SRR6019854	GSM2776898	SAMN07622510	SKMel28-SDR	ftp.sra.ebi.ac.uk/vol1/fastq/SRR601/004/SRR6019854/SRR6019854_1.fastq.gz;ftp.sra.ebi.ac.uk/vol1/fastq/SRR601/004/SRR6019854/SRR6019854_2.fastq.gz
PRJNA303170	SRR6019855	GSM2776898	SAMN07622510	SKMel28-SDR	ftp.sra.ebi.ac.uk/vol1/fastq/SRR601/005/SRR6019855/SRR6019855_1.fastq.gz;ftp.sra.ebi.ac.uk/vol1/fastq/SRR601/005/SRR6019855/SRR6019855_2.fastq.gz
PRJNA303170	SRR6019856	GSM2776899	SAMN07622509	SKMel28-DDR	ftp.sra.ebi.ac.uk/vol1/fastq/SRR601/006/SRR6019856/SRR6019856_1.fastq.gz;ftp.sra.ebi.ac.uk/vol1/fastq/SRR601/006/SRR6019856/SRR6019856_2.fastq.gz
PRJNA303170	SRR6019857	GSM2776899	SAMN07622509	SKMel28-DDR	ftp.sra.ebi.ac.uk/vol1/fastq/SRR601/007/SRR6019857/SRR6019857_1.fastq.gz;ftp.sra.ebi.ac.uk/vol1/fastq/SRR601/007/SRR6019857/SRR6019857_2.fastq.gz
PRJNA303170	SRR6019858	GSM2776900	SAMN07622508	M229-DDR	ftp.sra.ebi.ac.uk/vol1/fastq/SRR601/008/SRR6019858/SRR6019858_1.fastq.gz;ftp.sra.ebi.ac.uk/vol1/fastq/SRR601/008/SRR6019858/SRR6019858_2.fastq.gz
PRJNA303170	SRR6019859	GSM2776900	SAMN07622508	M229-DDR	ftp.sra.ebi.ac.uk/vol1/fastq/SRR601/009/SRR6019859/SRR6019859_1.fastq.gz;ftp.sra.ebi.ac.uk/vol1/fastq/SRR601/009/SRR6019859/SRR6019859_2.fastq.gz
PRJNA403850	SRR6022864	GSM2778479	SAMN07625738	Pt9-baseline	ftp.sra.ebi.ac.uk/vol1/fastq/SRR602/004/SRR6022864/SRR6022864_1.fastq.gz;ftp.sra.ebi.ac.uk/vol1/fastq/SRR602/004/SRR6022864/SRR6022864_2.fastq.gz
PRJNA403850	SRR6022865	GSM2778480	SAMN07625737	Pt9-D15-A	ftp.sra.ebi.ac.uk/vol1/fastq/SRR602/005/SRR6022865/SRR6022865_1.fastq.gz;ftp.sra.ebi.ac.uk/vol1/fastq/SRR602/005/SRR6022865/SRR6022865_2.fastq.gz
PRJNA403850	SRR6022866	GSM2778481	SAMN07625736	Pt9-D15-B	ftp.sra.ebi.ac.uk/vol1/fastq/SRR602/006/SRR6022866/SRR6022866_1.fastq.gz;ftp.sra.ebi.ac.uk/vol1/fastq/SRR602/006/SRR6022866/SRR6022866_2.fastq.gz
